FILENAME,IDENTITY
/content/images/train/Dihydro Codeine-5.png,Dihydro Codeine-5
/content/images/train/Procaine-2.png,Procaine-2
/content/images/train/Bitaprodine-1.png,Bitaprodine-1
/content/images/train/Procaine.png,Procaine
/content/images/train/Buprenorphine-4.png,Buprenorphine-4
/content/images/train/Mustin Hydrochloride-1.png,Mustin Hydrochloride-1
/content/images/train/Busulphan-3.png,Busulphan-3
/content/images/train/Arsenic and It’s compound-3.png,Arsenic and It’s compound-3
/content/images/train/Methohexital-3.png,Methohexital-3
/content/images/train/Procainamide.png,Procainamide
/content/images/train/Hexocyclian Methyl Sulphate-1.png,Hexocyclian Methyl Sulphate-1
/content/images/train/Hiparin-1.png,Hiparin-1
/content/images/train/Imetine-4.png,Imetine-4
/content/images/train/Stilboglucogate.png,Stilboglucogate
/content/images/train/Azathioprine-4.png,Azathioprine-4
/content/images/train/Phytomenadione-2.png,Phytomenadione-2
/content/images/train/Procainamide-1.png,Procainamide-1
/content/images/train/Prochloro Perazine-4.png,Prochloro Perazine-4
/content/images/train/Diethyl thyambutine-3.png,Diethyl thyambutine-3
/content/images/train/Conin-1.png,Conin-1
/content/images/train/Bita acetyl methadol-5.png,Bita acetyl methadol-5
/content/images/train/Dymethyl triptamin-5.png,Dymethyl triptamin-5
/content/images/train/Benzoistrol-3.png,Benzoistrol-3
/content/images/train/Procaine-1.png,Procaine-1
/content/images/train/Chlorambucil-5.png,Chlorambucil-5
/content/images/train/Morphine–N–oxide-2.png,Morphine–N–oxide-2
/content/images/train/Chloropropamide-4.png,Chloropropamide-4
/content/images/train/Aminopterin-3.png,Aminopterin-3
/content/images/train/Amphotericin B.png,Amphotericin B
/content/images/train/Spironolactone.png,Spironolactone
/content/images/train/Phurethidine-3.png,Phurethidine-3
/content/images/train/Amipramine-1.png,Amipramine-1
/content/images/train/Isonicotinic Acid Hydrozide and It’s Derivative-1.png,Isonicotinic Acid Hydrozide and It’s Derivative-1
/content/images/train/Navobiocin.png,Navobiocin
/content/images/train/Leaocane-2.png,Leaocane-2
/content/images/train/(g) Amoxycilin-3.png,(g) Amoxycilin-3
/content/images/train/Phenadoxon-5.png,Phenadoxon-5
/content/images/train/Methyl desarphine-3.png,Methyl desarphine-3
/content/images/train/Desomorphine-4.png,Desomorphine-4
/content/images/train/Dhatura-2.png,Dhatura-2
/content/images/train/Nico morphine-1.png,Nico morphine-1
/content/images/train/Hydrochlorothiazide-3.png,Hydrochlorothiazide-3
/content/images/train/Dihydro hydroxy Codeinone-4.png,Dihydro hydroxy Codeinone-4
/content/images/train/Luracine-4.png,Luracine-4
/content/images/train/(a) Benzyl Penicillin-2.png,(a) Benzyl Penicillin-2
/content/images/train/Gelsimium Alcalide-4.png,Gelsimium Alcalide-4
/content/images/train/Prochloro Perazine-5.png,Prochloro Perazine-5
/content/images/train/Hydentwine-3.png,Hydentwine-3
/content/images/train/Orthocaine-5.png,Orthocaine-5
/content/images/train/Ethambutol.png,Ethambutol
/content/images/train/Narmethadone-5.png,Narmethadone-5
/content/images/train/Diamprenmide-2.png,Diamprenmide-2
/content/images/train/Chloramphenicol-3.png,Chloramphenicol-3
/content/images/train/Phenmetrazine-2.png,Phenmetrazine-2
/content/images/train/Brethilium Tosilate-4.png,Brethilium Tosilate-4
/content/images/train/Bancomycin-1.png,Bancomycin-1
/content/images/train/Methohexital-1.png,Methohexital-1
/content/images/train/(c) Procane Benzyl Penicillin-1.png,(c) Procane Benzyl Penicillin-1
/content/images/train/Betamethasone-5.png,Betamethasone-5
/content/images/train/Midazolam-4.png,Midazolam-4
/content/images/train/Medazepam-1.png,Medazepam-1
/content/images/train/Chlorisandamin chloride-3.png,Chlorisandamin chloride-3
/content/images/train/(c) Sotalol-1.png,(c) Sotalol-1
/content/images/train/Isosuprine-2.png,Isosuprine-2
/content/images/train/Griseofulvin-3.png,Griseofulvin-3
/content/images/train/Dihydro Codeine-1.png,Dihydro Codeine-1
/content/images/train/Betamethasone.png,Betamethasone
/content/images/train/Ethylmorphine-1.png,Ethylmorphine-1
/content/images/train/(b) Benzathine Benzyl Penicillin-4.png,(b) Benzathine Benzyl Penicillin-4
/content/images/train/Paraminosolisilic Acid-2.png,Paraminosolisilic Acid-2
/content/images/train/Prochloro Perazine-3.png,Prochloro Perazine-3
/content/images/train/Cloral Hydrate-5.png,Cloral Hydrate-5
/content/images/train/Methyl dihydromerphine-3.png,Methyl dihydromerphine-3
/content/images/train/Narliverphenol-3.png,Narliverphenol-3
/content/images/train/Dexamethasone-4.png,Dexamethasone-4
/content/images/train/Alpha prodine-5.png,Alpha prodine-5
/content/images/train/Polymyxcin B-1.png,Polymyxcin B-1
/content/images/train/Butyl cloral Hydrate-1.png,Butyl cloral Hydrate-1
/content/images/train/Antigen.png,Antigen
/content/images/train/Methyl desarphine-2.png,Methyl desarphine-2
/content/images/train/Amphotericin B-4.png,Amphotericin B-4
/content/images/train/Morphine Methyl Bromide.png,Morphine Methyl Bromide
/content/images/train/Polytheouracil-3.png,Polytheouracil-3
/content/images/train/Paraminosolisilic Acid-4.png,Paraminosolisilic Acid-4
/content/images/train/Bufetenin.png,Bufetenin
/content/images/train/Pilocarpine-5.png,Pilocarpine-5
/content/images/train/Pitutory Extract-2.png,Pitutory Extract-2
/content/images/train/Chlorothiazide-1.png,Chlorothiazide-1
/content/images/train/Trihexyphenidyl.png,Trihexyphenidyl
/content/images/train/Bancomycin-2.png,Bancomycin-2
/content/images/train/Lycergic Acid.png,Lycergic Acid
/content/images/train/Recimoramide.png,Recimoramide
/content/images/train/Heroine or Diacetyl morphine-5.png,Heroine or Diacetyl morphine-5
/content/images/train/Dihydro morphine-3.png,Dihydro morphine-3
/content/images/train/Prazepam.png,Prazepam
/content/images/train/Amipramine.png,Amipramine
/content/images/train/Pyrivinium.png,Pyrivinium
/content/images/train/Paraminosolisilic Acid-3.png,Paraminosolisilic Acid-3
/content/images/train/Glyceryl Trinitrate-4.png,Glyceryl Trinitrate-4
/content/images/train/Piminodine-4.png,Piminodine-4
/content/images/train/Pheno Barbital-2.png,Pheno Barbital-2
/content/images/train/Polythiazide-5.png,Polythiazide-5
/content/images/train/Methamphetamin-5.png,Methamphetamin-5
/content/images/train/Chlorisandamin chloride-4.png,Chlorisandamin chloride-4
/content/images/train/Nico morphine-5.png,Nico morphine-5
/content/images/train/Chloropropamide-1.png,Chloropropamide-1
/content/images/train/Barbital-3.png,Barbital-3
/content/images/train/Glutethimide-3.png,Glutethimide-3
/content/images/train/Dihydro morphine-5.png,Dihydro morphine-5
/content/images/train/Narliverphenol-1.png,Narliverphenol-1
/content/images/train/Marpheridine-5.png,Marpheridine-5
/content/images/train/Diazepam-5.png,Diazepam-5
/content/images/train/N–ethyl–3 piparidyle Benzilet-5.png,N–ethyl–3 piparidyle Benzilet-5
/content/images/train/Alpha prodine-3.png,Alpha prodine-3
/content/images/train/Antimani Potasium Tartrate-1.png,Antimani Potasium Tartrate-1
/content/images/train/Nitrous Oxide-4.png,Nitrous Oxide-4
/content/images/train/Heroine or Diacetyl morphine-2.png,Heroine or Diacetyl morphine-2
/content/images/train/Dihydro Codeine-2.png,Dihydro Codeine-2
/content/images/train/Insulin.png,Insulin
/content/images/train/Lycergic Acid Diethylamide-3.png,Lycergic Acid Diethylamide-3
/content/images/train/Benzocaine-1.png,Benzocaine-1
/content/images/train/Cloral Pharmamide-2.png,Cloral Pharmamide-2
/content/images/train/Bendrofluazide-4.png,Bendrofluazide-4
/content/images/train/Amphetamin-1.png,Amphetamin-1
/content/images/train/Stilbocaptate.png,Stilbocaptate
/content/images/train/Echonite Alcolide-3.png,Echonite Alcolide-3
/content/images/train/Lead and it’s compound-1.png,Lead and it’s compound-1
/content/images/train/Phenyl Cinchoninic Acid-1.png,Phenyl Cinchoninic Acid-1
/content/images/train/Dextran 70-4.png,Dextran 70-4
/content/images/train/(f) Ampicillin-1.png,(f) Ampicillin-1
/content/images/train/Levarphanole-5.png,Levarphanole-5
/content/images/train/Nitrazepam-5.png,Nitrazepam-5
/content/images/train/Prazepam-5.png,Prazepam-5
/content/images/train/Antitoxin-4.png,Antitoxin-4
/content/images/train/M–Methyl–3 pipradyle Bengilet-1.png,M–Methyl–3 pipradyle Bengilet-1
/content/images/train/Guanidine.png,Guanidine
/content/images/train/Oxitocin-3.png,Oxitocin-3
/content/images/train/Chlophazimine-1.png,Chlophazimine-1
/content/images/train/Arsenic and It’s compound-5.png,Arsenic and It’s compound-5
/content/images/train/Chlorisandamin chloride.png,Chlorisandamin chloride
/content/images/train/(b) Chlortetracycline-3.png,(b) Chlortetracycline-3
/content/images/train/Dipipanone-1.png,Dipipanone-1
/content/images/train/Narliverphenol-4.png,Narliverphenol-4
/content/images/train/(b) Isopreterenol-2.png,(b) Isopreterenol-2
/content/images/train/Phenyl Cinchoninic Acid.png,Phenyl Cinchoninic Acid
/content/images/train/Hermons :–-1.png,Hermons :–-1
/content/images/train/Pilocarpine-1.png,Pilocarpine-1
/content/images/train/Acepromazin Maliate-1.png,Acepromazin Maliate-1
/content/images/train/Carbomycin-2.png,Carbomycin-2
/content/images/train/M–Methyl–3 pipradyle Bengilet-5.png,M–Methyl–3 pipradyle Bengilet-5
/content/images/train/Morphine-4.png,Morphine-4
/content/images/train/(a) Oxytetracyclline-1.png,(a) Oxytetracyclline-1
/content/images/train/Methyl desarphine-5.png,Methyl desarphine-5
/content/images/train/Phitobemidone-1.png,Phitobemidone-1
/content/images/train/Bufetenin-5.png,Bufetenin-5
/content/images/train/Cloro Hexadol.png,Cloro Hexadol
/content/images/train/Isocarboxazid.png,Isocarboxazid
/content/images/train/Hydroxizine-2.png,Hydroxizine-2
/content/images/train/Amobarbital.png,Amobarbital
/content/images/train/Carbutamide-1.png,Carbutamide-1
/content/images/train/Iso prenaline-2.png,Iso prenaline-2
/content/images/train/Lycergic Acid Amide-2.png,Lycergic Acid Amide-2
/content/images/train/Isoniazid.png,Isoniazid
/content/images/train/Phencyclidine-4.png,Phencyclidine-4
/content/images/train/Opium.png,Opium
/content/images/train/Amphotericin B-3.png,Amphotericin B-3
/content/images/train/Chloroform-3.png,Chloroform-3
/content/images/train/Allyl prodine.png,Allyl prodine
/content/images/train/Marpheridine-2.png,Marpheridine-2
/content/images/train/Antigen-3.png,Antigen-3
/content/images/train/Etorphine-4.png,Etorphine-4
/content/images/train/Pitutory Extract-5.png,Pitutory Extract-5
/content/images/train/Chlorisandamin chloride-2.png,Chlorisandamin chloride-2
/content/images/train/Nicocodeine-1.png,Nicocodeine-1
/content/images/train/Oxazolidine-1.png,Oxazolidine-1
/content/images/train/Chloramphenicol-5.png,Chloramphenicol-5
/content/images/train/Ethosoximide-2.png,Ethosoximide-2
/content/images/train/Isoniazid-2.png,Isoniazid-2
/content/images/train/Lycergic Acid Amide-3.png,Lycergic Acid Amide-3
/content/images/train/Dihydroxy Dyhydro morphine hydrochloride-1.png,Dihydroxy Dyhydro morphine hydrochloride-1
/content/images/train/Phenmetrazine-3.png,Phenmetrazine-3
/content/images/train/Meprobamate-2.png,Meprobamate-2
/content/images/train/Flurazepam-2.png,Flurazepam-2
/content/images/train/Orthocaine.png,Orthocaine
/content/images/train/Phenoperidine-1.png,Phenoperidine-1
/content/images/train/Bitamethadole.png,Bitamethadole
/content/images/train/Chloro Prothioxine-3.png,Chloro Prothioxine-3
/content/images/train/Levo metharphan-2.png,Levo metharphan-2
/content/images/train/Lobelia Alcolide-3.png,Lobelia Alcolide-3
/content/images/train/Amipramine-5.png,Amipramine-5
/content/images/train/Phenadoxon.png,Phenadoxon
/content/images/train/Phethidene-5.png,Phethidene-5
/content/images/train/Yohimba Alcolide.png,Yohimba Alcolide
/content/images/train/Methotrexate.png,Methotrexate
/content/images/train/Phenobarbital-4.png,Phenobarbital-4
/content/images/train/Methanol-5.png,Methanol-5
/content/images/train/Halothane-1.png,Halothane-1
/content/images/train/Neostigmine-5.png,Neostigmine-5
/content/images/train/Streptomycin.png,Streptomycin
/content/images/train/Proheptazin-1.png,Proheptazin-1
/content/images/train/Canamycin-5.png,Canamycin-5
/content/images/train/Sulfasalazine.png,Sulfasalazine
/content/images/train/Prazepam-2.png,Prazepam-2
/content/images/train/Amobarbital-5.png,Amobarbital-5
/content/images/train/Cartisone.png,Cartisone
/content/images/train/Medazepam-2.png,Medazepam-2
/content/images/train/Iso prenaline-5.png,Iso prenaline-5
/content/images/train/Benoctizine-5.png,Benoctizine-5
/content/images/train/Nitrofurantoin.png,Nitrofurantoin
/content/images/train/Nicocodeine-5.png,Nicocodeine-5
/content/images/train/Dioxaphetyle Butieret-5.png,Dioxaphetyle Butieret-5
/content/images/train/Chloropropamide-5.png,Chloropropamide-5
/content/images/train/Desomorphine-2.png,Desomorphine-2
/content/images/train/Proheptazin-5.png,Proheptazin-5
/content/images/train/(b) Chlortetracycline-2.png,(b) Chlortetracycline-2
/content/images/train/Pholcodine.png,Pholcodine
/content/images/train/Oxazolam-3.png,Oxazolam-3
/content/images/train/Procaine-3.png,Procaine-3
/content/images/train/(a) Benzyl Penicillin.png,(a) Benzyl Penicillin
/content/images/train/Cartisone-3.png,Cartisone-3
/content/images/train/Pentobarbital-4.png,Pentobarbital-4
/content/images/train/Barbiqueric Acid & Itis Derivatives-3.png,Barbiqueric Acid & Itis Derivatives-3
/content/images/train/Carbutamide-2.png,Carbutamide-2
/content/images/train/Dexamethasone-3.png,Dexamethasone-3
/content/images/train/Lead and it’s compound-5.png,Lead and it’s compound-5
/content/images/train/Mannitol Hexamitrate-5.png,Mannitol Hexamitrate-5
/content/images/train/Acetazolamide.png,Acetazolamide
/content/images/train/Ergot Alcolide and Its Derivatives-4.png,Ergot Alcolide and Its Derivatives-4
/content/images/train/Proheptazin-2.png,Proheptazin-2
/content/images/train/Morphine-2.png,Morphine-2
/content/images/train/Griseofulvin-1.png,Griseofulvin-1
/content/images/train/Ethosoximide-3.png,Ethosoximide-3
/content/images/train/Piminodine.png,Piminodine
/content/images/train/(d) Dichloro Isopreterenol-2.png,(d) Dichloro Isopreterenol-2
/content/images/train/Antimani Potasium Tartrate-4.png,Antimani Potasium Tartrate-4
/content/images/train/Buprenorphine-2.png,Buprenorphine-2
/content/images/train/Digitalics and Its Glycosides-5.png,Digitalics and Its Glycosides-5
/content/images/train/Amphotericin B-1.png,Amphotericin B-1
/content/images/train/Levo phenacylemorphan-3.png,Levo phenacylemorphan-3
/content/images/train/Methyl Chlorothiazide.png,Methyl Chlorothiazide
/content/images/train/Halothane.png,Halothane
/content/images/train/Cilocybin-1.png,Cilocybin-1
/content/images/train/Leaocane-3.png,Leaocane-3
/content/images/train/Oxitocin-5.png,Oxitocin-5
/content/images/train/Brethilium Tosilate-1.png,Brethilium Tosilate-1
/content/images/train/Dimephoptanole-4.png,Dimephoptanole-4
/content/images/train/Prazepam-1.png,Prazepam-1
/content/images/train/Dioxaphetyle Butieret-1.png,Dioxaphetyle Butieret-1
/content/images/train/Morphine Methyl Bromide-3.png,Morphine Methyl Bromide-3
/content/images/train/Benzithidine-3.png,Benzithidine-3
/content/images/train/Marpheridine-4.png,Marpheridine-4
/content/images/train/Suxamethonium.png,Suxamethonium
/content/images/train/Azamaline and Its compounds-5.png,Azamaline and Its compounds-5
/content/images/train/Nitrous Oxide.png,Nitrous Oxide
/content/images/train/Insulin-1.png,Insulin-1
/content/images/train/Fentanyl-5.png,Fentanyl-5
/content/images/train/Pentamidine-1.png,Pentamidine-1
/content/images/train/Faramycitine.png,Faramycitine
/content/images/train/Phentanyle-1.png,Phentanyle-1
/content/images/train/Dextroraphan-1.png,Dextroraphan-1
/content/images/train/Myrophine-2.png,Myrophine-2
/content/images/train/Hydrolazine Injection-2.png,Hydrolazine Injection-2
/content/images/train/Paramethadione-2.png,Paramethadione-2
/content/images/train/Codeine–N–oxide-5.png,Codeine–N–oxide-5
/content/images/train/Isonicotinic Acid Hydrozide and It’s Derivative-5.png,Isonicotinic Acid Hydrozide and It’s Derivative-5
/content/images/train/Clonazepam-4.png,Clonazepam-4
/content/images/train/(b) Isopreterenol-1.png,(b) Isopreterenol-1
/content/images/train/Acetazolamide-2.png,Acetazolamide-2
/content/images/train/Beladona & it’s Alcolide-1.png,Beladona & it’s Alcolide-1
/content/images/train/Levomoramide-2.png,Levomoramide-2
/content/images/train/Iletarium-1.png,Iletarium-1
/content/images/train/Etomorphine-3.png,Etomorphine-3
/content/images/train/Nistatin-4.png,Nistatin-4
/content/images/train/Acepromazin Maliate-2.png,Acepromazin Maliate-2
/content/images/train/Phenazocine.png,Phenazocine
/content/images/train/Phencyclidine-2.png,Phencyclidine-2
/content/images/train/Dextropropoxyphene.png,Dextropropoxyphene
/content/images/train/Captodine-2.png,Captodine-2
/content/images/train/Cyclophosphamide-5.png,Cyclophosphamide-5
/content/images/train/Diethyl thyambutine-2.png,Diethyl thyambutine-2
/content/images/train/Narpipanone-4.png,Narpipanone-4
/content/images/train/Berium or Its compound except Berium sulphate-4.png,Berium or Its compound except Berium sulphate-4
/content/images/train/Petrichloral.png,Petrichloral
/content/images/train/Piritramide-4.png,Piritramide-4
/content/images/train/Chloramphenicol-4.png,Chloramphenicol-4
/content/images/train/Nullophine.png,Nullophine
/content/images/train/Oxazolidine-4.png,Oxazolidine-4
/content/images/train/Probenicid.png,Probenicid
/content/images/train/Codeine Methyl Bromide-2.png,Codeine Methyl Bromide-2
/content/images/train/Levo metharphan-1.png,Levo metharphan-1
/content/images/train/Olindomycin-5.png,Olindomycin-5
/content/images/train/Insulin-4.png,Insulin-4
/content/images/train/Lycergic Acid Amide-5.png,Lycergic Acid Amide-5
/content/images/train/Hydro morphone.png,Hydro morphone
/content/images/train/Phentanyle-2.png,Phentanyle-2
/content/images/train/Ergot Alcolide and Its Derivatives-5.png,Ergot Alcolide and Its Derivatives-5
/content/images/train/Etorphine-3.png,Etorphine-3
/content/images/train/Azamaline and Its compounds-1.png,Azamaline and Its compounds-1
/content/images/train/Codoxim-1.png,Codoxim-1
/content/images/train/Hermons :–-3.png,Hermons :–-3
/content/images/train/Isoniazid-1.png,Isoniazid-1
/content/images/train/Lorazepam-4.png,Lorazepam-4
/content/images/train/Levodopa.png,Levodopa
/content/images/train/Chlordiazepoxide-3.png,Chlordiazepoxide-3
/content/images/train/Chlorothiazide-4.png,Chlorothiazide-4
/content/images/train/Dihydro Codeine-3.png,Dihydro Codeine-3
/content/images/train/Peyot-3.png,Peyot-3
/content/images/train/Oxitocin-4.png,Oxitocin-4
/content/images/train/Aminopterin-5.png,Aminopterin-5
/content/images/train/Hermons :–-4.png,Hermons :–-4
/content/images/train/Ethchlor Vinyl-2.png,Ethchlor Vinyl-2
/content/images/train/Chloroform-2.png,Chloroform-2
/content/images/train/Isosorbide Dinitrate or sorbide Nitrate-5.png,Isosorbide Dinitrate or sorbide Nitrate-5
/content/images/train/Oxiphen Butazone-3.png,Oxiphen Butazone-3
/content/images/train/Leaocane-5.png,Leaocane-5
/content/images/train/Methyl phenidet.png,Methyl phenidet
/content/images/train/Clonitazine-4.png,Clonitazine-4
/content/images/train/(d) Phenoxymethylpenicilin.png,(d) Phenoxymethylpenicilin
/content/images/train/Alpha acetyl methadol-1.png,Alpha acetyl methadol-1
/content/images/train/Dextran 40-5.png,Dextran 40-5
/content/images/train/Hydro morphone-3.png,Hydro morphone-3
/content/images/train/Berium or Its compound except Berium sulphate-3.png,Berium or Its compound except Berium sulphate-3
/content/images/train/Dimenoxadole-2.png,Dimenoxadole-2
/content/images/train/Ethambutol-5.png,Ethambutol-5
/content/images/train/Arsenic and It’s compound-4.png,Arsenic and It’s compound-4
/content/images/train/Phenylzine-2.png,Phenylzine-2
/content/images/train/Phentermine-3.png,Phentermine-3
/content/images/train/Medazepam-5.png,Medazepam-5
/content/images/train/Penicillin and its penicillins-3.png,Penicillin and its penicillins-3
/content/images/train/(g) Amoxycilin-4.png,(g) Amoxycilin-4
/content/images/train/(b) Isopreterenol-5.png,(b) Isopreterenol-5
/content/images/train/Barbital-1.png,Barbital-1
/content/images/train/Midazolam.png,Midazolam
/content/images/train/Faramycitine-5.png,Faramycitine-5
/content/images/train/Captodine-5.png,Captodine-5
/content/images/train/Methotrexate-4.png,Methotrexate-4
/content/images/train/Cloral Butane-1.png,Cloral Butane-1
/content/images/train/(b) Isopreterenol-4.png,(b) Isopreterenol-4
/content/images/train/Aminopterin-4.png,Aminopterin-4
/content/images/train/Antitoxin-5.png,Antitoxin-5
/content/images/train/Anti Rabies Serum-3.png,Anti Rabies Serum-3
/content/images/train/Chlor Promazine-5.png,Chlor Promazine-5
/content/images/train/Phentolamine-5.png,Phentolamine-5
/content/images/train/Sulphone Methene.png,Sulphone Methene
/content/images/train/Benoctizine-2.png,Benoctizine-2
/content/images/train/Bitamethadole-1.png,Bitamethadole-1
/content/images/train/Chlordiazepoxide-5.png,Chlordiazepoxide-5
/content/images/train/Phenyl Cinchoninic Acid-2.png,Phenyl Cinchoninic Acid-2
/content/images/train/Brethilium Tosilate-3.png,Brethilium Tosilate-3
/content/images/train/Cyprine phine.png,Cyprine phine
/content/images/train/Alprazolam-1.png,Alprazolam-1
/content/images/train/Codeine–N–oxide-2.png,Codeine–N–oxide-2
/content/images/train/Diphenyl Pyraline Hydrochloride-5.png,Diphenyl Pyraline Hydrochloride-5
/content/images/train/Codeine Methyl Bromide.png,Codeine Methyl Bromide
/content/images/train/Cloro Hexadol-2.png,Cloro Hexadol-2
/content/images/train/Dipipanone-3.png,Dipipanone-3
/content/images/train/Cantharidine-4.png,Cantharidine-4
/content/images/train/(a) Oxytetracyclline-3.png,(a) Oxytetracyclline-3
/content/images/train/Meprobamate.png,Meprobamate
/content/images/train/Phenmetrazine-5.png,Phenmetrazine-5
/content/images/train/Glyceryl Trinitrate-5.png,Glyceryl Trinitrate-5
/content/images/train/Paraldihyde.png,Paraldihyde
/content/images/train/Iopanoic Acid-4.png,Iopanoic Acid-4
/content/images/train/Narcodeine-4.png,Narcodeine-4
/content/images/train/Phurethidine-1.png,Phurethidine-1
/content/images/train/Mescyalin-1.png,Mescyalin-1
/content/images/train/Norethisterone-5.png,Norethisterone-5
/content/images/train/Hydroxy pethidine-1.png,Hydroxy pethidine-1
/content/images/train/Bitablockers-2.png,Bitablockers-2
/content/images/train/Azathioprine-3.png,Azathioprine-3
/content/images/train/Heroine or Diacetyl morphine-1.png,Heroine or Diacetyl morphine-1
/content/images/train/Phentermine-5.png,Phentermine-5
/content/images/train/Pomegrenet Alcolides-5.png,Pomegrenet Alcolides-5
/content/images/train/Dexamethasone-2.png,Dexamethasone-2
/content/images/train/Dapsone-1.png,Dapsone-1
/content/images/train/Pecazine-4.png,Pecazine-4
/content/images/train/Procainamide-4.png,Procainamide-4
/content/images/train/Ether-1.png,Ether-1
/content/images/train/Carbomycin-3.png,Carbomycin-3
/content/images/train/Olindomycin-4.png,Olindomycin-4
/content/images/train/Antitoxin-1.png,Antitoxin-1
/content/images/train/Paraldihyde-4.png,Paraldihyde-4
/content/images/train/Pomegrenet Alcolides-4.png,Pomegrenet Alcolides-4
/content/images/train/Anileridine-3.png,Anileridine-3
/content/images/train/Cloro Hexadol-3.png,Cloro Hexadol-3
/content/images/train/Polythiazide.png,Polythiazide
/content/images/train/Levodopa-1.png,Levodopa-1
/content/images/train/Morphine-3.png,Morphine-3
/content/images/train/Pecazine-5.png,Pecazine-5
/content/images/train/(b) Benzathine Benzyl Penicillin.png,(b) Benzathine Benzyl Penicillin
/content/images/train/Glutethiamide-5.png,Glutethiamide-5
/content/images/train/Phencyclidine.png,Phencyclidine
/content/images/train/Meprobamate-1.png,Meprobamate-1
/content/images/train/Dextro Moramide-4.png,Dextro Moramide-4
/content/images/train/Sulfamethoxy Pyridizine.png,Sulfamethoxy Pyridizine
/content/images/train/Biperidine-2.png,Biperidine-2
/content/images/train/Biperidine-5.png,Biperidine-5
/content/images/train/Methacoilan-2.png,Methacoilan-2
/content/images/train/Guanidine-1.png,Guanidine-1
/content/images/train/Pentazocine-1.png,Pentazocine-1
/content/images/train/Etoceridine-4.png,Etoceridine-4
/content/images/train/Primaquine-4.png,Primaquine-4
/content/images/train/Bancomycin-3.png,Bancomycin-3
/content/images/train/Morphine.png,Morphine
/content/images/train/Bitameprodine-2.png,Bitameprodine-2
/content/images/train/Pitutory Extract-4.png,Pitutory Extract-4
/content/images/train/Cyclopenthiazide-3.png,Cyclopenthiazide-3
/content/images/train/Ethchlor Vinyl-3.png,Ethchlor Vinyl-3
/content/images/train/Methanol-3.png,Methanol-3
/content/images/train/Sulfaurazole.png,Sulfaurazole
/content/images/train/Opium-2.png,Opium-2
/content/images/train/Phenoperidine-2.png,Phenoperidine-2
/content/images/train/Alprazolam-2.png,Alprazolam-2
/content/images/train/N–ethyl–3 piparidyle Benzilet.png,N–ethyl–3 piparidyle Benzilet
/content/images/train/Thyroid Extract & Thyroxin.png,Thyroid Extract & Thyroxin
/content/images/train/Cyclophosphamide-1.png,Cyclophosphamide-1
/content/images/train/Amitriptyline-2.png,Amitriptyline-2
/content/images/train/Chlordiazepoxide-4.png,Chlordiazepoxide-4
/content/images/train/Methyl phenidet-4.png,Methyl phenidet-4
/content/images/train/Penicillin and its penicillins-2.png,Penicillin and its penicillins-2
/content/images/train/Ethylmorphine-5.png,Ethylmorphine-5
/content/images/train/Dihydroxy Dyhydro morphine hydrochloride.png,Dihydroxy Dyhydro morphine hydrochloride
/content/images/train/Alpha methadol-3.png,Alpha methadol-3
/content/images/train/Orthocaine-1.png,Orthocaine-1
/content/images/train/Phytomenadione-4.png,Phytomenadione-4
/content/images/train/Alpha prodine-4.png,Alpha prodine-4
/content/images/train/Amobarbital-4.png,Amobarbital-4
/content/images/train/Phenyl Butazone.png,Phenyl Butazone
/content/images/train/Berium or Its compound except Berium sulphate-2.png,Berium or Its compound except Berium sulphate-2
/content/images/train/Chloroform.png,Chloroform
/content/images/train/Antivenom.png,Antivenom
/content/images/train/Paraldihyde-5.png,Paraldihyde-5
/content/images/train/Anileridine-5.png,Anileridine-5
/content/images/train/Barbital-5.png,Barbital-5
/content/images/train/Faramycitine-3.png,Faramycitine-3
/content/images/train/Chlorambucil-4.png,Chlorambucil-4
/content/images/train/Active Ingredients of Marijuana-5.png,Active Ingredients of Marijuana-5
/content/images/train/Isocarboxazid-5.png,Isocarboxazid-5
/content/images/train/Ether.png,Ether
/content/images/train/Noxmomica and Its Alcolides.png,Noxmomica and Its Alcolides
/content/images/train/Gentamycin.png,Gentamycin
/content/images/train/Methanol-4.png,Methanol-4
/content/images/train/Imetine-5.png,Imetine-5
/content/images/train/Barbiqueric Acid & Itis Derivatives-5.png,Barbiqueric Acid & Itis Derivatives-5
/content/images/train/Hiparin-4.png,Hiparin-4
/content/images/train/Petrichloral-5.png,Petrichloral-5
/content/images/train/Paraminosolisilic Acid.png,Paraminosolisilic Acid
/content/images/train/Dihydro hydroxy Codeinone-3.png,Dihydro hydroxy Codeinone-3
/content/images/train/Ethambutol-3.png,Ethambutol-3
/content/images/train/Methyl Pheno Barbital-2.png,Methyl Pheno Barbital-2
/content/images/train/Phenadoxon-4.png,Phenadoxon-4
/content/images/train/Polytheouracil-4.png,Polytheouracil-4
/content/images/train/Pempidine-3.png,Pempidine-3
/content/images/train/Phenoperidine.png,Phenoperidine
/content/images/train/(f) Ampicillin-4.png,(f) Ampicillin-4
/content/images/train/Dipipanone-2.png,Dipipanone-2
/content/images/train/Bendrofluazide-5.png,Bendrofluazide-5
/content/images/train/Cyclophosphamide-2.png,Cyclophosphamide-2
/content/images/train/Lorazepam-1.png,Lorazepam-1
/content/images/train/Peyot.png,Peyot
/content/images/train/Lycergic Acid Amide-1.png,Lycergic Acid Amide-1
/content/images/train/Antivenom-1.png,Antivenom-1
/content/images/train/Allyl prodine-1.png,Allyl prodine-1
/content/images/train/Frusemide.png,Frusemide
/content/images/train/Alpha meprodine-2.png,Alpha meprodine-2
/content/images/train/Benzitramide-3.png,Benzitramide-3
/content/images/train/Dimethyl Thyambutine.png,Dimethyl Thyambutine
/content/images/train/Bancomycin-4.png,Bancomycin-4
/content/images/train/Pyrizinamide.png,Pyrizinamide
/content/images/train/Alpha methadol-5.png,Alpha methadol-5
/content/images/train/Cilocybin-2.png,Cilocybin-2
/content/images/train/Dexamethasone-1.png,Dexamethasone-1
/content/images/train/Glyceryl Trinitrate-3.png,Glyceryl Trinitrate-3
/content/images/train/Methosoximide-1.png,Methosoximide-1
/content/images/train/Aceterphin hydrochloride-3.png,Aceterphin hydrochloride-3
/content/images/train/Endomethacin-2.png,Endomethacin-2
/content/images/train/Hermons :–-5.png,Hermons :–-5
/content/images/train/Phenyl Acetyl Urea-5.png,Phenyl Acetyl Urea-5
/content/images/train/Phenyl Butazone-2.png,Phenyl Butazone-2
/content/images/train/Liverternal-5.png,Liverternal-5
/content/images/train/Trimeperidine.png,Trimeperidine
/content/images/train/Phenampromide-3.png,Phenampromide-3
/content/images/train/Isonicotinic Acid Hydrozide and It’s Derivative-3.png,Isonicotinic Acid Hydrozide and It’s Derivative-3
/content/images/train/Hydro morphone-4.png,Hydro morphone-4
/content/images/train/Noxmomica and Its Alcolides-2.png,Noxmomica and Its Alcolides-2
/content/images/train/Amipramine-3.png,Amipramine-3
/content/images/train/Methyldopa-4.png,Methyldopa-4
/content/images/train/Glutethiamide-3.png,Glutethiamide-3
/content/images/train/Troxidone.png,Troxidone
/content/images/train/Oxazolam-1.png,Oxazolam-1
/content/images/train/Paraleadoxin.png,Paraleadoxin
/content/images/train/Penicillin and its penicillins-1.png,Penicillin and its penicillins-1
/content/images/train/Dymethyl triptamin-4.png,Dymethyl triptamin-4
/content/images/train/Methadone-1.png,Methadone-1
/content/images/train/Etomorphine.png,Etomorphine
/content/images/train/Pentamidine-3.png,Pentamidine-3
/content/images/train/Haloperidol-1.png,Haloperidol-1
/content/images/train/Benzithidine-4.png,Benzithidine-4
/content/images/train/Barbital.png,Barbital
/content/images/train/Meprovamet-1.png,Meprovamet-1
/content/images/train/M–Methyl–3 pipradyle Bengilet.png,M–Methyl–3 pipradyle Bengilet
/content/images/train/Chlorothiazide-5.png,Chlorothiazide-5
/content/images/train/Desomorphine-3.png,Desomorphine-3
/content/images/train/Piminodine-5.png,Piminodine-5
/content/images/train/Biperidine-3.png,Biperidine-3
/content/images/train/Paraleadoxin-2.png,Paraleadoxin-2
/content/images/train/Benzocaine-2.png,Benzocaine-2
/content/images/train/Methyl Chlorothiazide-2.png,Methyl Chlorothiazide-2
/content/images/train/Theopental Sodium.png,Theopental Sodium
/content/images/train/(b) Chlortetracycline-5.png,(b) Chlortetracycline-5
/content/images/train/Morphine–N–oxide-4.png,Morphine–N–oxide-4
/content/images/train/Phitobemidone-4.png,Phitobemidone-4
/content/images/train/Butyl cloral Hydrate.png,Butyl cloral Hydrate
/content/images/train/Methadone-2.png,Methadone-2
/content/images/train/Halothane-5.png,Halothane-5
/content/images/train/Liverternal-3.png,Liverternal-3
/content/images/train/Etonitazine-4.png,Etonitazine-4
/content/images/train/Gramicidine-2.png,Gramicidine-2
/content/images/train/Amayl Nitrite.png,Amayl Nitrite
/content/images/train/Monomustin Hydrochloride-2.png,Monomustin Hydrochloride-2
/content/images/train/Oxazepam-5.png,Oxazepam-5
/content/images/train/Paraleadoxin-5.png,Paraleadoxin-5
/content/images/train/Methosoximide.png,Methosoximide
/content/images/train/Cyclopenthiazide-1.png,Cyclopenthiazide-1
/content/images/train/Lycergic Acid-4.png,Lycergic Acid-4
/content/images/train/Glutethiamide.png,Glutethiamide
/content/images/train/Procainamide-3.png,Procainamide-3
/content/images/train/Glyceryl Trinitrate-2.png,Glyceryl Trinitrate-2
/content/images/train/Hydroxizine-3.png,Hydroxizine-3
/content/images/train/Narmethadone.png,Narmethadone
/content/images/train/Methotrexate-5.png,Methotrexate-5
/content/images/train/Methiprilan-2.png,Methiprilan-2
/content/images/train/Beladona & it’s Alcolide-4.png,Beladona & it’s Alcolide-4
/content/images/train/Pilocarpine.png,Pilocarpine
/content/images/train/Diphenyl Pyraline Hydrochloride-4.png,Diphenyl Pyraline Hydrochloride-4
/content/images/train/Iso prenaline-1.png,Iso prenaline-1
/content/images/train/Phenyl Cinchoninic Acid-5.png,Phenyl Cinchoninic Acid-5
/content/images/train/Chlordiazepoxide-1.png,Chlordiazepoxide-1
/content/images/train/(c) Doxycycline-2.png,(c) Doxycycline-2
/content/images/train/Berium or Its compound except Berium sulphate-1.png,Berium or Its compound except Berium sulphate-1
/content/images/train/Pilocarpine-4.png,Pilocarpine-4
/content/images/train/Nicotine-1.png,Nicotine-1
/content/images/train/Levomoramide-4.png,Levomoramide-4
/content/images/train/Pethidine-4.png,Pethidine-4
/content/images/train/Hiparin-3.png,Hiparin-3
/content/images/train/Cyclopenthiazide-4.png,Cyclopenthiazide-4
/content/images/train/Oxazolidine-5.png,Oxazolidine-5
/content/images/train/Cloral Pharmamide-1.png,Cloral Pharmamide-1
/content/images/train/Antigen-5.png,Antigen-5
/content/images/train/Quinidine.png,Quinidine
/content/images/train/Methadone.png,Methadone
/content/images/train/Cilocine-2.png,Cilocine-2
/content/images/train/(e) cloxacillin-2.png,(e) cloxacillin-2
/content/images/train/Alpha acetyl methadol.png,Alpha acetyl methadol
/content/images/train/Phenomorphan.png,Phenomorphan
/content/images/train/Phenazocine-4.png,Phenazocine-4
/content/images/train/Oxazolam.png,Oxazolam
/content/images/train/Dextro Moramide-5.png,Dextro Moramide-5
/content/images/train/Narcodeine-2.png,Narcodeine-2
/content/images/train/Bita acetyl methadol-3.png,Bita acetyl methadol-3
/content/images/train/Levarphanole-1.png,Levarphanole-1
/content/images/train/Butyl cloral Hydrate-3.png,Butyl cloral Hydrate-3
/content/images/train/Mercury and It’s compound-3.png,Mercury and It’s compound-3
/content/images/train/Phensoximide-2.png,Phensoximide-2
/content/images/train/Metamezole-1.png,Metamezole-1
/content/images/train/Naracymethadol-3.png,Naracymethadol-3
/content/images/train/Methyl Pheno Barbital-1.png,Methyl Pheno Barbital-1
/content/images/train/(a) Benzyl Penicillin-3.png,(a) Benzyl Penicillin-3
/content/images/train/Pomegrenet Alcolides.png,Pomegrenet Alcolides
/content/images/train/Phentanyle-5.png,Phentanyle-5
/content/images/train/Chloromethene Hydrochloride-1.png,Chloromethene Hydrochloride-1
/content/images/train/Metazosin-3.png,Metazosin-3
/content/images/train/Levarphanole-3.png,Levarphanole-3
/content/images/train/Azamaline and Its compounds-4.png,Azamaline and Its compounds-4
/content/images/train/Methyl dihydromerphine-5.png,Methyl dihydromerphine-5
/content/images/train/Phenomorphan-5.png,Phenomorphan-5
/content/images/train/Methyl Pheno Barbital-3.png,Methyl Pheno Barbital-3
/content/images/train/Nicotine-4.png,Nicotine-4
/content/images/train/Ethylmorphine.png,Ethylmorphine
/content/images/train/Faramycitine-2.png,Faramycitine-2
/content/images/train/Alprazolam-3.png,Alprazolam-3
/content/images/train/Phenampromide-5.png,Phenampromide-5
/content/images/train/Primaquine-2.png,Primaquine-2
/content/images/train/Acetyl dihydrocodinon-5.png,Acetyl dihydrocodinon-5
/content/images/train/Diamprenmide-5.png,Diamprenmide-5
/content/images/train/Isosuprine-5.png,Isosuprine-5
/content/images/train/Anti Rabies Serum.png,Anti Rabies Serum
/content/images/train/Hydro morphone-2.png,Hydro morphone-2
/content/images/train/Acetyl dihydrocodeine-5.png,Acetyl dihydrocodeine-5
/content/images/train/Mercury and It’s compound-5.png,Mercury and It’s compound-5
/content/images/train/Brethilium Tosilate.png,Brethilium Tosilate
/content/images/train/Piritramide-2.png,Piritramide-2
/content/images/train/6 – Mercaptopurine.png,6 – Mercaptopurine
/content/images/train/Mescyalin-5.png,Mescyalin-5
/content/images/train/Ethinamet-2.png,Ethinamet-2
/content/images/train/Penicillin and its penicillins-4.png,Penicillin and its penicillins-4
/content/images/train/Amphotericin B-5.png,Amphotericin B-5
/content/images/train/Luracine-2.png,Luracine-2
/content/images/train/Pheno Barbital-1.png,Pheno Barbital-1
/content/images/train/Nitrazepam-3.png,Nitrazepam-3
/content/images/train/Alpha meprodine-4.png,Alpha meprodine-4
/content/images/train/Isosorbide Dinitrate or sorbide Nitrate-2.png,Isosorbide Dinitrate or sorbide Nitrate-2
/content/images/train/Dextropropoxyphene-5.png,Dextropropoxyphene-5
/content/images/train/Apomorphine-1.png,Apomorphine-1
/content/images/train/Codeine Methyl Bromide-3.png,Codeine Methyl Bromide-3
/content/images/train/Naracymethadol-4.png,Naracymethadol-4
/content/images/train/Levarphanole.png,Levarphanole
/content/images/train/Cyclophosphamide-4.png,Cyclophosphamide-4
/content/images/train/Echonite Alcolide-1.png,Echonite Alcolide-1
/content/images/train/Dymethyl triptamin-1.png,Dymethyl triptamin-1
/content/images/train/Dextran 70-2.png,Dextran 70-2
/content/images/train/Alpha methadol-2.png,Alpha methadol-2
/content/images/train/Chlor Promazine.png,Chlor Promazine
/content/images/train/Morphine Methyl Salphonet-5.png,Morphine Methyl Salphonet-5
/content/images/train/Pentobarbital-5.png,Pentobarbital-5
/content/images/train/Benzocaine-5.png,Benzocaine-5
/content/images/train/Lorazepam-5.png,Lorazepam-5
/content/images/train/Methyldopa-3.png,Methyldopa-3
/content/images/train/Edrenocarticotropic Hermons-1.png,Edrenocarticotropic Hermons-1
/content/images/train/Piritramide.png,Piritramide
/content/images/train/Methanol-2.png,Methanol-2
/content/images/train/(c) Procane Benzyl Penicillin-3.png,(c) Procane Benzyl Penicillin-3
/content/images/train/Alprazolam-5.png,Alprazolam-5
/content/images/train/Guanidine-4.png,Guanidine-4
/content/images/train/Carbutamide-3.png,Carbutamide-3
/content/images/train/Narmethadone-2.png,Narmethadone-2
/content/images/train/Chlophazimine-4.png,Chlophazimine-4
/content/images/train/Gyalavine-1.png,Gyalavine-1
/content/images/train/Morphine Methyl Salphonet-2.png,Morphine Methyl Salphonet-2
/content/images/train/Prochloro Perazine-1.png,Prochloro Perazine-1
/content/images/train/Paraldihyde-3.png,Paraldihyde-3
/content/images/train/Dipipanone.png,Dipipanone
/content/images/train/Conin-2.png,Conin-2
/content/images/train/Tropa cocane.png,Tropa cocane
/content/images/train/Lodexium.png,Lodexium
/content/images/train/Chloro Prothioxine-4.png,Chloro Prothioxine-4
/content/images/train/Di–isopropyle Flurophosponate.png,Di–isopropyle Flurophosponate
/content/images/train/(b) Benzathine Benzyl Penicillin-2.png,(b) Benzathine Benzyl Penicillin-2
/content/images/train/Ethyl methyl Thyambutine-3.png,Ethyl methyl Thyambutine-3
/content/images/train/Cyclophosphamide-3.png,Cyclophosphamide-3
/content/images/train/Vaso precin.png,Vaso precin
/content/images/train/Oxitocin-1.png,Oxitocin-1
/content/images/train/Thiobendazole.png,Thiobendazole
/content/images/train/Polytheouracil-5.png,Polytheouracil-5
/content/images/train/(a) Propanolol-5.png,(a) Propanolol-5
/content/images/train/Cilocine-4.png,Cilocine-4
/content/images/train/Anti Rabies Serum-2.png,Anti Rabies Serum-2
/content/images/train/Triamipramine.png,Triamipramine
/content/images/train/Imetine-2.png,Imetine-2
/content/images/train/Erythrityle Tetranitrate-1.png,Erythrityle Tetranitrate-1
/content/images/train/Probenicid-2.png,Probenicid-2
/content/images/train/Alpha acetyl methadol-2.png,Alpha acetyl methadol-2
/content/images/train/(d) Phenoxymethylpenicilin-4.png,(d) Phenoxymethylpenicilin-4
/content/images/train/Pempidine-4.png,Pempidine-4
/content/images/train/Amobarbital-3.png,Amobarbital-3
/content/images/train/Isosuprine-3.png,Isosuprine-3
/content/images/train/Carbutamide.png,Carbutamide
/content/images/train/Vinblastine.png,Vinblastine
/content/images/train/Levomoramide-3.png,Levomoramide-3
/content/images/train/Chloramphenicol.png,Chloramphenicol
/content/images/train/Carbutamide-4.png,Carbutamide-4
/content/images/train/Amphetamin.png,Amphetamin
/content/images/train/Cyprine phine-5.png,Cyprine phine-5
/content/images/train/(f) Ampicillin.png,(f) Ampicillin
/content/images/train/Pentamidine-2.png,Pentamidine-2
/content/images/train/Norethisterone-4.png,Norethisterone-4
/content/images/train/Lodexium-2.png,Lodexium-2
/content/images/train/Chlormezanon-2.png,Chlormezanon-2
/content/images/train/(a) Propanolol-4.png,(a) Propanolol-4
/content/images/train/Disulphiram-3.png,Disulphiram-3
/content/images/train/Diethyl triptamin-2.png,Diethyl triptamin-2
/content/images/train/Bitamethadole-5.png,Bitamethadole-5
/content/images/train/Phenobarbital-3.png,Phenobarbital-3
/content/images/train/Dimephoptanole-3.png,Dimephoptanole-3
/content/images/train/Narcodeine-3.png,Narcodeine-3
/content/images/train/Chlorisandamin chloride-5.png,Chlorisandamin chloride-5
/content/images/train/Hydro morphone-1.png,Hydro morphone-1
/content/images/train/Opium-1.png,Opium-1
/content/images/train/Aminopterin-2.png,Aminopterin-2
/content/images/train/Morphine Methyl Salphonet-3.png,Morphine Methyl Salphonet-3
/content/images/train/Paraminosolisilic Acid-5.png,Paraminosolisilic Acid-5
/content/images/train/Alpha meprodine-3.png,Alpha meprodine-3
/content/images/train/Glutethiamide-4.png,Glutethiamide-4
/content/images/train/Paramomycin-2.png,Paramomycin-2
/content/images/train/(f) Ampicillin-2.png,(f) Ampicillin-2
/content/images/train/Desomorphine-5.png,Desomorphine-5
/content/images/train/Cilocybin-5.png,Cilocybin-5
/content/images/train/Lycergic Acid Diethylamide-2.png,Lycergic Acid Diethylamide-2
/content/images/train/Cloral Hydrate-1.png,Cloral Hydrate-1
/content/images/train/Morphine–N–oxide-1.png,Morphine–N–oxide-1
/content/images/train/Hydrocartisone-4.png,Hydrocartisone-4
/content/images/train/Narcodeine-1.png,Narcodeine-1
/content/images/train/Monomustin Hydrochloride-3.png,Monomustin Hydrochloride-3
/content/images/train/Theo Propazet.png,Theo Propazet
/content/images/train/Provazine.png,Provazine
/content/images/train/Mescyalin.png,Mescyalin
/content/images/train/Phenyl Acetyl Urea.png,Phenyl Acetyl Urea
/content/images/train/Brethilium Tosilate-5.png,Brethilium Tosilate-5
/content/images/train/Amphetamin-4.png,Amphetamin-4
/content/images/train/Diethyl triptamin-3.png,Diethyl triptamin-3
/content/images/train/Iso prenaline-4.png,Iso prenaline-4
/content/images/train/Piritramide-3.png,Piritramide-3
/content/images/train/Benzoistrol-5.png,Benzoistrol-5
/content/images/train/Clonitazine-5.png,Clonitazine-5
/content/images/train/Clobazam-2.png,Clobazam-2
/content/images/train/Azamaline and Its compounds-2.png,Azamaline and Its compounds-2
/content/images/train/Phenylzine-4.png,Phenylzine-4
/content/images/train/Mercury and It’s compound.png,Mercury and It’s compound
/content/images/train/Phenylzine.png,Phenylzine
/content/images/train/Spyromycin.png,Spyromycin
/content/images/train/Oxazepam-4.png,Oxazepam-4
/content/images/train/Sulfameopyrazin.png,Sulfameopyrazin
/content/images/train/Methacoilan-4.png,Methacoilan-4
/content/images/train/Glyceryl Trinitrate.png,Glyceryl Trinitrate
/content/images/train/Phenmetrazine-1.png,Phenmetrazine-1
/content/images/train/Pholcodine-4.png,Pholcodine-4
/content/images/train/Dihydro Codeinone.png,Dihydro Codeinone
/content/images/train/Phenyl Butazone-4.png,Phenyl Butazone-4
/content/images/train/Leaocane.png,Leaocane
/content/images/train/(b) Chlortetracycline.png,(b) Chlortetracycline
/content/images/train/Marpheridine-3.png,Marpheridine-3
/content/images/train/Methadone-3.png,Methadone-3
/content/images/train/Phenoperidine-5.png,Phenoperidine-5
/content/images/train/Paramethadione-4.png,Paramethadione-4
/content/images/train/Methyl phenidet-3.png,Methyl phenidet-3
/content/images/train/Peyot-5.png,Peyot-5
/content/images/train/Narmorphine-3.png,Narmorphine-3
/content/images/train/Evogen-2.png,Evogen-2
/content/images/train/Methadone-4.png,Methadone-4
/content/images/train/Cantharidine-1.png,Cantharidine-1
/content/images/train/Halothane-4.png,Halothane-4
/content/images/train/Etonitazine-3.png,Etonitazine-3
/content/images/train/Captodine-3.png,Captodine-3
/content/images/train/Hexocyclian Methyl Sulphate-5.png,Hexocyclian Methyl Sulphate-5
/content/images/train/Cartisone-1.png,Cartisone-1
/content/images/train/Fentanyl-4.png,Fentanyl-4
/content/images/train/Nullophine-3.png,Nullophine-3
/content/images/train/Diazepam-4.png,Diazepam-4
/content/images/train/Orthocaine-2.png,Orthocaine-2
/content/images/train/Cilocine-3.png,Cilocine-3
/content/images/train/Polymyxcin B-4.png,Polymyxcin B-4
/content/images/train/Cloro Hexadol-5.png,Cloro Hexadol-5
/content/images/train/Isoniazid-5.png,Isoniazid-5
/content/images/train/N–ethyl–3 piparidyle Benzilet-4.png,N–ethyl–3 piparidyle Benzilet-4
/content/images/train/Neo mycin-2.png,Neo mycin-2
/content/images/train/Digitalics and Its Glycosides-4.png,Digitalics and Its Glycosides-4
/content/images/train/(c) Doxycycline-4.png,(c) Doxycycline-4
/content/images/train/Ethyl methyl Thyambutine-1.png,Ethyl methyl Thyambutine-1
/content/images/train/Procainamide-5.png,Procainamide-5
/content/images/train/Hexocyclian Methyl Sulphate-2.png,Hexocyclian Methyl Sulphate-2
/content/images/train/Procaine-4.png,Procaine-4
/content/images/train/Busulphan-1.png,Busulphan-1
/content/images/train/Polytheouracil-2.png,Polytheouracil-2
/content/images/train/Ethchlor Vinyl-4.png,Ethchlor Vinyl-4
/content/images/train/Diethyl thyambutine-1.png,Diethyl thyambutine-1
/content/images/train/Triethinyl Thayo phosphoramide.png,Triethinyl Thayo phosphoramide
/content/images/train/Phennformin-2.png,Phennformin-2
/content/images/train/Carbutamide-5.png,Carbutamide-5
/content/images/train/Paramethadione-3.png,Paramethadione-3
/content/images/train/Pecazine-1.png,Pecazine-1
/content/images/train/Polythiazide-2.png,Polythiazide-2
/content/images/train/Oxymorphone-4.png,Oxymorphone-4
/content/images/train/Dihydro Codeinone-2.png,Dihydro Codeinone-2
/content/images/train/Pheno Barbital-5.png,Pheno Barbital-5
/content/images/train/(a) Benzyl Penicillin-1.png,(a) Benzyl Penicillin-1
/content/images/train/Erythrityle Tetranitrate-4.png,Erythrityle Tetranitrate-4
/content/images/train/Endomethacin-3.png,Endomethacin-3
/content/images/train/Anileridine-1.png,Anileridine-1
/content/images/train/Diamprenmide-1.png,Diamprenmide-1
/content/images/train/Olindomycin.png,Olindomycin
/content/images/train/Metazosin-1.png,Metazosin-1
/content/images/train/Naracymethadol-2.png,Naracymethadol-2
/content/images/train/Methamphetamin.png,Methamphetamin
/content/images/train/Glutethiamide-1.png,Glutethiamide-1
/content/images/train/Conin-5.png,Conin-5
/content/images/train/Codeine–N–oxide-4.png,Codeine–N–oxide-4
/content/images/train/Ethyl methyl Thyambutine-4.png,Ethyl methyl Thyambutine-4
/content/images/train/Diphenyl Pyraline Hydrochloride-3.png,Diphenyl Pyraline Hydrochloride-3
/content/images/train/Methyl phenidet-5.png,Methyl phenidet-5
/content/images/train/Butyl cloral Hydrate-2.png,Butyl cloral Hydrate-2
/content/images/train/Primaquine-3.png,Primaquine-3
/content/images/train/Erythromycin-2.png,Erythromycin-2
/content/images/train/Brethilium Tosilate-2.png,Brethilium Tosilate-2
/content/images/train/Polythiazide-3.png,Polythiazide-3
/content/images/train/Griseofulvin-4.png,Griseofulvin-4
/content/images/train/Chloromethene Hydrochloride.png,Chloromethene Hydrochloride
/content/images/train/Erythrityle Tetranitrate-2.png,Erythrityle Tetranitrate-2
/content/images/train/Erythromycin-5.png,Erythromycin-5
/content/images/train/Edrenocarticotropic Hermons-5.png,Edrenocarticotropic Hermons-5
/content/images/train/Nicocodeine-4.png,Nicocodeine-4
/content/images/train/Alpha prodine.png,Alpha prodine
/content/images/train/Acetyl methadol-2.png,Acetyl methadol-2
/content/images/train/Clonazepam-5.png,Clonazepam-5
/content/images/train/Piminodine-1.png,Piminodine-1
/content/images/train/Midazolam-2.png,Midazolam-2
/content/images/train/Orthocaine-3.png,Orthocaine-3
/content/images/train/Chlormezanon-4.png,Chlormezanon-4
/content/images/train/Ethosoximide.png,Ethosoximide
/content/images/train/Navobiocin-4.png,Navobiocin-4
/content/images/train/Pethidine-5.png,Pethidine-5
/content/images/train/Heroine or Diacetyl morphine.png,Heroine or Diacetyl morphine
/content/images/train/Methohexital.png,Methohexital
/content/images/train/Pentazocine-2.png,Pentazocine-2
/content/images/train/Acetyl methadol-5.png,Acetyl methadol-5
/content/images/train/Amobarbital-2.png,Amobarbital-2
/content/images/train/Dipipanone-4.png,Dipipanone-4
/content/images/train/Allyl prodine-4.png,Allyl prodine-4
/content/images/train/Anileridine-4.png,Anileridine-4
/content/images/train/Chlordiazepoxide-2.png,Chlordiazepoxide-2
/content/images/train/Dimephoptanole-5.png,Dimephoptanole-5
/content/images/train/Di–isopropyle Flurophosponate-3.png,Di–isopropyle Flurophosponate-3
/content/images/train/Acetyl dihydrocodinon-2.png,Acetyl dihydrocodinon-2
/content/images/train/Ergot Alcolide and Its Derivatives-1.png,Ergot Alcolide and Its Derivatives-1
/content/images/train/Cyclophosphamide.png,Cyclophosphamide
/content/images/train/Morphine Methyl Bromide-5.png,Morphine Methyl Bromide-5
/content/images/train/Cilocine-5.png,Cilocine-5
/content/images/train/Ethchlor Vinyl.png,Ethchlor Vinyl
/content/images/train/Iopanoic Acid-3.png,Iopanoic Acid-3
/content/images/train/Azapentine-1.png,Azapentine-1
/content/images/train/Lobelia Alcolide-4.png,Lobelia Alcolide-4
/content/images/train/Metazosin-4.png,Metazosin-4
/content/images/train/Chlormezanon-3.png,Chlormezanon-3
/content/images/train/Betamethasone-4.png,Betamethasone-4
/content/images/train/Pheno Barbital.png,Pheno Barbital
/content/images/train/Methyl Chlorothiazide-4.png,Methyl Chlorothiazide-4
/content/images/train/Barbital-2.png,Barbital-2
/content/images/train/Cloro Hexadol-4.png,Cloro Hexadol-4
/content/images/train/(a) Oxytetracyclline-4.png,(a) Oxytetracyclline-4
/content/images/train/Isonicotinic Acid Hydrozide and It’s Derivative-4.png,Isonicotinic Acid Hydrozide and It’s Derivative-4
/content/images/train/Amitriptyline-4.png,Amitriptyline-4
/content/images/train/Ethyl morphine-1.png,Ethyl morphine-1
/content/images/train/Phenazocine-3.png,Phenazocine-3
/content/images/train/Alprazolam.png,Alprazolam
/content/images/train/Epinephrine.png,Epinephrine
/content/images/train/Phenadoxon-2.png,Phenadoxon-2
/content/images/train/Dihydro Codeinone-4.png,Dihydro Codeinone-4
/content/images/train/Iopanoic Acid.png,Iopanoic Acid
/content/images/train/Dapsone.png,Dapsone
/content/images/train/Methacoilan-5.png,Methacoilan-5
/content/images/train/Carbomycin-4.png,Carbomycin-4
/content/images/train/Dimercoprol-2.png,Dimercoprol-2
/content/images/train/Beladona & it’s Alcolide-2.png,Beladona & it’s Alcolide-2
/content/images/train/Antitoxin-3.png,Antitoxin-3
/content/images/train/Iserine-3.png,Iserine-3
/content/images/train/Methotrexate-3.png,Methotrexate-3
/content/images/train/Mustin Hydrochloride-5.png,Mustin Hydrochloride-5
/content/images/train/Phencyclidine-1.png,Phencyclidine-1
/content/images/train/Monomustin Hydrochloride.png,Monomustin Hydrochloride
/content/images/train/Cyprine phine-2.png,Cyprine phine-2
/content/images/train/Busulphan-4.png,Busulphan-4
/content/images/train/Evogen-1.png,Evogen-1
/content/images/train/Primaquine-1.png,Primaquine-1
/content/images/train/Codoxim-5.png,Codoxim-5
/content/images/train/Diamprenmide-4.png,Diamprenmide-4
/content/images/train/Benzoistrol-4.png,Benzoistrol-4
/content/images/train/Dextro Moramide-1.png,Dextro Moramide-1
/content/images/train/Navobiocin-5.png,Navobiocin-5
/content/images/train/Codeine-5.png,Codeine-5
/content/images/train/Oxitocin-2.png,Oxitocin-2
/content/images/train/Chloroform-4.png,Chloroform-4
/content/images/train/Morphine-5.png,Morphine-5
/content/images/train/Prazepam-4.png,Prazepam-4
/content/images/train/Chlorambucil-1.png,Chlorambucil-1
/content/images/train/Phenmetrazine.png,Phenmetrazine
/content/images/train/Fentanyl-2.png,Fentanyl-2
/content/images/train/Phenyl Acetyl Urea-2.png,Phenyl Acetyl Urea-2
/content/images/train/Di–isopropyle Flurophosponate-2.png,Di–isopropyle Flurophosponate-2
/content/images/train/(b) Benzathine Benzyl Penicillin-1.png,(b) Benzathine Benzyl Penicillin-1
/content/images/train/Myrophine-4.png,Myrophine-4
/content/images/train/Iletarium-4.png,Iletarium-4
/content/images/train/Aceterphin hydrochloride-4.png,Aceterphin hydrochloride-4
/content/images/train/Diethyl thyambutine.png,Diethyl thyambutine
/content/images/train/Dioxaphetyle Butieret-4.png,Dioxaphetyle Butieret-4
/content/images/train/Phentermine-4.png,Phentermine-4
/content/images/train/Sodium Amidotrizoate.png,Sodium Amidotrizoate
/content/images/train/Nitrofurantoin-3.png,Nitrofurantoin-3
/content/images/train/Alpha acetyl methadol-5.png,Alpha acetyl methadol-5
/content/images/train/Metamorphine.png,Metamorphine
/content/images/train/Oxitocin.png,Oxitocin
/content/images/train/Dextroraphan-5.png,Dextroraphan-5
/content/images/train/Ethylmorphine-3.png,Ethylmorphine-3
/content/images/train/Lodexium-5.png,Lodexium-5
/content/images/train/Etoceridine-5.png,Etoceridine-5
/content/images/train/Conin-4.png,Conin-4
/content/images/train/Lobelia Alcolide-2.png,Lobelia Alcolide-2
/content/images/train/Lead and it’s compound.png,Lead and it’s compound
/content/images/train/Methyl Chlorothiazide-5.png,Methyl Chlorothiazide-5
/content/images/train/Lycergic Acid-3.png,Lycergic Acid-3
/content/images/train/Bita acetyl methadol-2.png,Bita acetyl methadol-2
/content/images/train/Hydroxizine-4.png,Hydroxizine-4
/content/images/train/Methohexital-4.png,Methohexital-4
/content/images/train/Amayl Nitrite-2.png,Amayl Nitrite-2
/content/images/train/Hydroxy pethidine-4.png,Hydroxy pethidine-4
/content/images/train/Amphetamin-2.png,Amphetamin-2
/content/images/train/Allopurinol.png,Allopurinol
/content/images/train/Oxymorphone-1.png,Oxymorphone-1
/content/images/train/(a) Propanolol.png,(a) Propanolol
/content/images/train/Luracine.png,Luracine
/content/images/train/Meprobamate-5.png,Meprobamate-5
/content/images/train/Alyl Isopropyle Acetyl Uuria-4.png,Alyl Isopropyle Acetyl Uuria-4
/content/images/train/Cloral Pharmamide.png,Cloral Pharmamide
/content/images/train/Dextran 70-1.png,Dextran 70-1
/content/images/train/Methosoximide-3.png,Methosoximide-3
/content/images/train/Marpheridine-1.png,Marpheridine-1
/content/images/train/Active Ingredients of Marijuana-1.png,Active Ingredients of Marijuana-1
/content/images/train/Dioxaphetyle Butieret-2.png,Dioxaphetyle Butieret-2
/content/images/train/Buprenorphine-3.png,Buprenorphine-3
/content/images/train/Ether-2.png,Ether-2
/content/images/train/Phenyl Butazone-3.png,Phenyl Butazone-3
/content/images/train/Clobazam-1.png,Clobazam-1
/content/images/train/Gentamycin-5.png,Gentamycin-5
/content/images/train/Oxymorphone.png,Oxymorphone
/content/images/train/Allyl prodine-5.png,Allyl prodine-5
/content/images/train/Benzocaine.png,Benzocaine
/content/images/train/Betamethasone-3.png,Betamethasone-3
/content/images/train/Frusemide-3.png,Frusemide-3
/content/images/train/M–Methyl–3 pipradyle Bengilet-2.png,M–Methyl–3 pipradyle Bengilet-2
/content/images/train/Bendrofluazide.png,Bendrofluazide
/content/images/train/Methyl dihydromerphine-2.png,Methyl dihydromerphine-2
/content/images/train/Antimani Potasium Tartrate-3.png,Antimani Potasium Tartrate-3
/content/images/train/Nicotine-5.png,Nicotine-5
/content/images/train/Disulphiram-4.png,Disulphiram-4
/content/images/train/Nico morphine-4.png,Nico morphine-4
/content/images/train/Acepromazin Maliate-5.png,Acepromazin Maliate-5
/content/images/train/Methacoilan-1.png,Methacoilan-1
/content/images/train/Etonitazine-5.png,Etonitazine-5
/content/images/train/Carbomycin.png,Carbomycin
/content/images/train/Orthocaine-4.png,Orthocaine-4
/content/images/train/Chloro Prothioxine-1.png,Chloro Prothioxine-1
/content/images/train/Oxiphen Butazone-1.png,Oxiphen Butazone-1
/content/images/train/Acetazolamide-4.png,Acetazolamide-4
/content/images/train/Tetracycline and its Derivatives.png,Tetracycline and its Derivatives
/content/images/train/Etomorphine-2.png,Etomorphine-2
/content/images/train/Primaquine-5.png,Primaquine-5
/content/images/train/(d) Dichloro Isopreterenol-4.png,(d) Dichloro Isopreterenol-4
/content/images/train/Prazepam-3.png,Prazepam-3
/content/images/train/Glutethimide-2.png,Glutethimide-2
/content/images/train/Epiyol-4.png,Epiyol-4
/content/images/train/Morphine Methyl Bromide-2.png,Morphine Methyl Bromide-2
/content/images/train/Ethambutol-4.png,Ethambutol-4
/content/images/train/(a) Oxytetracyclline-5.png,(a) Oxytetracyclline-5
/content/images/train/Heroine or Diacetyl morphine-4.png,Heroine or Diacetyl morphine-4
/content/images/train/Ethyl methyl Thyambutine-2.png,Ethyl methyl Thyambutine-2
/content/images/train/Cartisone-5.png,Cartisone-5
/content/images/train/Oxazolidine-2.png,Oxazolidine-2
/content/images/train/Phennformin-5.png,Phennformin-5
/content/images/train/Neostigmine-1.png,Neostigmine-1
/content/images/train/Metamezole-5.png,Metamezole-5
/content/images/train/Dimercoprol-5.png,Dimercoprol-5
/content/images/train/Methamphetamin-3.png,Methamphetamin-3
/content/images/train/Methyl Pheno Barbital-5.png,Methyl Pheno Barbital-5
/content/images/train/Dextran 40-2.png,Dextran 40-2
/content/images/train/Buprenorphine-5.png,Buprenorphine-5
/content/images/train/Di–isopropyle Flurophosponate-4.png,Di–isopropyle Flurophosponate-4
/content/images/train/(b) Chlortetracycline-1.png,(b) Chlortetracycline-1
/content/images/train/(a) Propanolol-1.png,(a) Propanolol-1
/content/images/train/Cloral Hydrate-2.png,Cloral Hydrate-2
/content/images/train/Nico morphine.png,Nico morphine
/content/images/train/(d) Phenoxymethylpenicilin-5.png,(d) Phenoxymethylpenicilin-5
/content/images/train/Azapentine-2.png,Azapentine-2
/content/images/train/Dimenoxadole-4.png,Dimenoxadole-4
/content/images/train/Polymyxcin B-5.png,Polymyxcin B-5
/content/images/train/Penicillin and its penicillins-5.png,Penicillin and its penicillins-5
/content/images/train/Narmorphine-4.png,Narmorphine-4
/content/images/train/Frusemide-2.png,Frusemide-2
/content/images/train/Iserine-4.png,Iserine-4
/content/images/train/Dextroraphan-4.png,Dextroraphan-4
/content/images/train/Erythromycin-4.png,Erythromycin-4
/content/images/train/Narmethadone-1.png,Narmethadone-1
/content/images/train/Dihydro morphine-1.png,Dihydro morphine-1
/content/images/train/Phenobarbital-5.png,Phenobarbital-5
/content/images/train/Iletarium.png,Iletarium
/content/images/train/Triamterene.png,Triamterene
/content/images/train/Frusemide-4.png,Frusemide-4
/content/images/train/Dihydro hydroxy Codeinone-1.png,Dihydro hydroxy Codeinone-1
/content/images/train/Amayl Nitrite-4.png,Amayl Nitrite-4
/content/images/train/Endomethacin-1.png,Endomethacin-1
/content/images/train/Hydrolazine Injection-1.png,Hydrolazine Injection-1
/content/images/train/Mannitol Hexamitrate-4.png,Mannitol Hexamitrate-4
/content/images/train/Gyalavine-3.png,Gyalavine-3
/content/images/train/Hydroxy pethidine-5.png,Hydroxy pethidine-5
/content/images/train/Dhatura.png,Dhatura
/content/images/train/Cloro Hexadol-1.png,Cloro Hexadol-1
/content/images/train/Dhatura-3.png,Dhatura-3
/content/images/train/Chlorothiazide-2.png,Chlorothiazide-2
/content/images/train/Ethinylestradiol.png,Ethinylestradiol
/content/images/train/Insulin-3.png,Insulin-3
/content/images/train/Neostigmine.png,Neostigmine
/content/images/train/Cocaine-1.png,Cocaine-1
/content/images/train/Dextran 40-1.png,Dextran 40-1
/content/images/train/Phenoperidine-3.png,Phenoperidine-3
/content/images/train/Mercury and It’s compound-4.png,Mercury and It’s compound-4
/content/images/train/Codoxim-4.png,Codoxim-4
/content/images/train/Meprobamate-3.png,Meprobamate-3
/content/images/train/Acetyl dihydrocodinon-3.png,Acetyl dihydrocodinon-3
/content/images/train/Evogen-3.png,Evogen-3
/content/images/train/Antimani Potasium Tartrate-2.png,Antimani Potasium Tartrate-2
/content/images/train/Bitablockers-3.png,Bitablockers-3
/content/images/train/Proheptazin-3.png,Proheptazin-3
/content/images/train/Allyl prodine-2.png,Allyl prodine-2
/content/images/train/Cloral Hydrate-3.png,Cloral Hydrate-3
/content/images/train/Naracymethadol-1.png,Naracymethadol-1
/content/images/train/Cilocine.png,Cilocine
/content/images/train/Phenyl Cinchoninic Acid-4.png,Phenyl Cinchoninic Acid-4
/content/images/train/Veratram Alcolide.png,Veratram Alcolide
/content/images/train/Chlor Promazine-2.png,Chlor Promazine-2
/content/images/train/Clonazepam-3.png,Clonazepam-3
/content/images/train/Paraleadoxin-4.png,Paraleadoxin-4
/content/images/train/Piritramide-5.png,Piritramide-5
/content/images/train/Azapentine.png,Azapentine
/content/images/train/Zinc and it’s compound.png,Zinc and it’s compound
/content/images/train/Warfarin.png,Warfarin
/content/images/train/Epinephrine-5.png,Epinephrine-5
/content/images/train/Faramycitine-1.png,Faramycitine-1
/content/images/train/Digitalics and Its Glycosides-1.png,Digitalics and Its Glycosides-1
/content/images/train/Evogen-4.png,Evogen-4
/content/images/train/Viomycin.png,Viomycin
/content/images/train/Sulfamethoxazole.png,Sulfamethoxazole
/content/images/train/Phethidene.png,Phethidene
/content/images/train/Desomorphine.png,Desomorphine
/content/images/train/Dimethyl Thyambutine-4.png,Dimethyl Thyambutine-4
/content/images/train/Luracine-5.png,Luracine-5
/content/images/train/Phensoximide-4.png,Phensoximide-4
/content/images/train/Myrophine.png,Myrophine
/content/images/train/Hydrocartisone.png,Hydrocartisone
/content/images/train/Alpha meprodine-1.png,Alpha meprodine-1
/content/images/train/Mannitol Hexamitrate-2.png,Mannitol Hexamitrate-2
/content/images/train/Moramide-2.png,Moramide-2
/content/images/train/Diamprenmide-3.png,Diamprenmide-3
/content/images/train/Ethyl methyl Thyambutine.png,Ethyl methyl Thyambutine
/content/images/train/Liverternal-4.png,Liverternal-4
/content/images/train/Dihydro morphine-4.png,Dihydro morphine-4
/content/images/train/Morphine–N–oxide-5.png,Morphine–N–oxide-5
/content/images/train/Bitablockers-5.png,Bitablockers-5
/content/images/train/Allopurinol-5.png,Allopurinol-5
/content/images/train/Clonazepam-1.png,Clonazepam-1
/content/images/train/Berium or Its compound except Berium sulphate.png,Berium or Its compound except Berium sulphate
/content/images/train/Methyldopa-5.png,Methyldopa-5
/content/images/train/Clonitazine-2.png,Clonitazine-2
/content/images/train/Chlophazimine-3.png,Chlophazimine-3
/content/images/train/Morphine-1.png,Morphine-1
/content/images/train/(c) Doxycycline-3.png,(c) Doxycycline-3
/content/images/train/Dexamethasone-5.png,Dexamethasone-5
/content/images/train/Amphotericin B-2.png,Amphotericin B-2
/content/images/train/Nitrofurantoin-1.png,Nitrofurantoin-1
/content/images/train/Cantharidine-3.png,Cantharidine-3
/content/images/train/Cilocybin.png,Cilocybin
/content/images/train/Phentolamine-3.png,Phentolamine-3
/content/images/train/Phennformin.png,Phennformin
/content/images/train/Levodopa-2.png,Levodopa-2
/content/images/train/Chlorambucil-3.png,Chlorambucil-3
/content/images/train/Methamphetamin-2.png,Methamphetamin-2
/content/images/train/Alpha acetyl methadol-3.png,Alpha acetyl methadol-3
/content/images/train/Paraldihyde-2.png,Paraldihyde-2
/content/images/train/Glutethimide.png,Glutethimide
/content/images/train/Bendrofluazide-2.png,Bendrofluazide-2
/content/images/train/Monomustin Hydrochloride-5.png,Monomustin Hydrochloride-5
/content/images/train/Cilocybin-3.png,Cilocybin-3
/content/images/train/Hydrocartisone-2.png,Hydrocartisone-2
/content/images/train/Nistatin-1.png,Nistatin-1
/content/images/train/Oxymorphone-3.png,Oxymorphone-3
/content/images/train/Lorazepam.png,Lorazepam
/content/images/train/(d) Dichloro Isopreterenol-1.png,(d) Dichloro Isopreterenol-1
/content/images/train/Dihydro Codeine.png,Dihydro Codeine
/content/images/train/Acetyl methadol.png,Acetyl methadol
/content/images/train/Ethosoximide-1.png,Ethosoximide-1
/content/images/train/Isonicotinic Acid Hydrozide and It’s Derivative.png,Isonicotinic Acid Hydrozide and It’s Derivative
/content/images/train/Narmorphine-1.png,Narmorphine-1
/content/images/train/Phennformin-3.png,Phennformin-3
/content/images/train/Erythrityle Tetranitrate.png,Erythrityle Tetranitrate
/content/images/train/Mustin Hydrochloride-3.png,Mustin Hydrochloride-3
/content/images/train/Clonitazine-3.png,Clonitazine-3
/content/images/train/Etomorphine-1.png,Etomorphine-1
/content/images/train/Griseofulvin.png,Griseofulvin
/content/images/train/Penicillin and its penicillins.png,Penicillin and its penicillins
/content/images/train/Paramomycin-5.png,Paramomycin-5
/content/images/train/Imetine.png,Imetine
/content/images/train/Methanol-1.png,Methanol-1
/content/images/train/Griseofulvin-2.png,Griseofulvin-2
/content/images/train/Anti Rabies Serum-1.png,Anti Rabies Serum-1
/content/images/train/Conin-3.png,Conin-3
/content/images/train/Tuberculin.png,Tuberculin
/content/images/train/Apomorphine-5.png,Apomorphine-5
/content/images/train/Benzyl morphine-5.png,Benzyl morphine-5
/content/images/train/Vincristine.png,Vincristine
/content/images/train/Pyridostigmine.png,Pyridostigmine
/content/images/train/Disulphiram-2.png,Disulphiram-2
/content/images/train/Glutethimide-1.png,Glutethimide-1
/content/images/train/Leaocane-1.png,Leaocane-1
/content/images/train/Noxmomica and Its Alcolides-1.png,Noxmomica and Its Alcolides-1
/content/images/train/Procainamide-2.png,Procainamide-2
/content/images/train/Apomorphine-2.png,Apomorphine-2
/content/images/train/Dimenoxadole-1.png,Dimenoxadole-1
/content/images/train/Cantharidine-2.png,Cantharidine-2
/content/images/train/Erythrityle Tetranitrate-3.png,Erythrityle Tetranitrate-3
/content/images/train/Methyldopa.png,Methyldopa
/content/images/train/Carbacoal-2.png,Carbacoal-2
/content/images/train/Luracine-1.png,Luracine-1
/content/images/train/Iopanoic Acid-5.png,Iopanoic Acid-5
/content/images/train/Pethidine-2.png,Pethidine-2
/content/images/train/Alyl Isopropyle Acetyl Uuria.png,Alyl Isopropyle Acetyl Uuria
/content/images/train/Phethidene-1.png,Phethidene-1
/content/images/train/Guanidine-2.png,Guanidine-2
/content/images/train/Antivenom-2.png,Antivenom-2
/content/images/train/Guanidine-5.png,Guanidine-5
/content/images/train/Hydroxizine-1.png,Hydroxizine-1
/content/images/train/Methyl phenidet-1.png,Methyl phenidet-1
/content/images/train/Pholcodine-3.png,Pholcodine-3
/content/images/train/Mustin Hydrochloride.png,Mustin Hydrochloride
/content/images/train/Nitrous Oxide-1.png,Nitrous Oxide-1
/content/images/train/Acetyl methadol-4.png,Acetyl methadol-4
/content/images/train/Hydrolazine Injection-5.png,Hydrolazine Injection-5
/content/images/train/Olindomycin-3.png,Olindomycin-3
/content/images/train/Phenyl Butazone-1.png,Phenyl Butazone-1
/content/images/train/Acetyl dihydrocodeine-2.png,Acetyl dihydrocodeine-2
/content/images/train/(c) Sotalol-5.png,(c) Sotalol-5
/content/images/train/Amitriptyline-5.png,Amitriptyline-5
/content/images/train/Methyl dihydromerphine.png,Methyl dihydromerphine
/content/images/train/N–ethyl–3 piparidyle Benzilet-1.png,N–ethyl–3 piparidyle Benzilet-1
/content/images/train/Carbacoal-4.png,Carbacoal-4
/content/images/train/Cyprine phine-4.png,Cyprine phine-4
/content/images/train/Evogen.png,Evogen
/content/images/train/Benoctizine-4.png,Benoctizine-4
/content/images/train/Dihydro hydroxy Codeinone.png,Dihydro hydroxy Codeinone
/content/images/train/Benzitramide-2.png,Benzitramide-2
/content/images/train/Lead and it’s compound-4.png,Lead and it’s compound-4
/content/images/train/Digitalics and Its Glycosides.png,Digitalics and Its Glycosides
/content/images/train/Monomustin Hydrochloride-1.png,Monomustin Hydrochloride-1
/content/images/train/Biperidine-4.png,Biperidine-4
/content/images/train/Neo mycin-4.png,Neo mycin-4
/content/images/train/Dextropropoxyphene-3.png,Dextropropoxyphene-3
/content/images/train/Acetazolamide-3.png,Acetazolamide-3
/content/images/train/Oxazolam-2.png,Oxazolam-2
/content/images/train/Cloral Pharmamide-5.png,Cloral Pharmamide-5
/content/images/train/Canamycin-2.png,Canamycin-2
/content/images/train/Probenicid-4.png,Probenicid-4
/content/images/train/Azathioprine.png,Azathioprine
/content/images/train/Codeine–N–oxide-3.png,Codeine–N–oxide-3
/content/images/train/Alpha methadol-1.png,Alpha methadol-1
/content/images/train/(d) Phenoxymethylpenicilin-1.png,(d) Phenoxymethylpenicilin-1
/content/images/train/Olindomycin-2.png,Olindomycin-2
/content/images/train/Digitalics and Its Glycosides-3.png,Digitalics and Its Glycosides-3
/content/images/train/Thalium.png,Thalium
/content/images/train/Methyl Chlorothiazide-1.png,Methyl Chlorothiazide-1
/content/images/train/Dextran 70-3.png,Dextran 70-3
/content/images/train/Hydentwine-2.png,Hydentwine-2
/content/images/train/Toxin.png,Toxin
/content/images/train/Allyl prodine-3.png,Allyl prodine-3
/content/images/train/Lobelia Alcolide-5.png,Lobelia Alcolide-5
/content/images/train/Ethyl morphine-4.png,Ethyl morphine-4
/content/images/train/Phenyl Acetyl Urea-3.png,Phenyl Acetyl Urea-3
/content/images/train/Dihydro hydroxy Codeinone-5.png,Dihydro hydroxy Codeinone-5
/content/images/train/Levo phenacylemorphan.png,Levo phenacylemorphan
/content/images/train/Captodine-4.png,Captodine-4
/content/images/train/Oxiphen Butazone-4.png,Oxiphen Butazone-4
/content/images/train/Prochloro Perazine-2.png,Prochloro Perazine-2
/content/images/train/(a) Propanolol-2.png,(a) Propanolol-2
/content/images/train/Dioxaphetyle Butieret.png,Dioxaphetyle Butieret
/content/images/train/Polytheouracil.png,Polytheouracil
/content/images/train/Oxiphen Butazone.png,Oxiphen Butazone
/content/images/train/Prochloro Perazine.png,Prochloro Perazine
/content/images/train/Morphine Methyl Salphonet.png,Morphine Methyl Salphonet
/content/images/train/Bendrofluazide-1.png,Bendrofluazide-1
/content/images/train/Codoxim-2.png,Codoxim-2
/content/images/train/Dextro Moramide.png,Dextro Moramide
/content/images/train/Midazolam-3.png,Midazolam-3
/content/images/train/Narmorphine.png,Narmorphine
/content/images/train/Diethyl triptamin-5.png,Diethyl triptamin-5
/content/images/train/Peyot-2.png,Peyot-2
/content/images/train/Dimenoxadole-3.png,Dimenoxadole-3
/content/images/train/Phenobarbital-2.png,Phenobarbital-2
/content/images/train/Phenazocine-2.png,Phenazocine-2
/content/images/train/Narcodeine.png,Narcodeine
/content/images/train/Isocarboxazid-2.png,Isocarboxazid-2
/content/images/train/Busulphan-5.png,Busulphan-5
/content/images/train/Canamycin.png,Canamycin
/content/images/train/Oxazolidine.png,Oxazolidine
/content/images/train/Lodexium-4.png,Lodexium-4
/content/images/train/Phenomorphan-3.png,Phenomorphan-3
/content/images/train/Nistatin-2.png,Nistatin-2
/content/images/train/Methiprilan-1.png,Methiprilan-1
/content/images/train/Aminopterin-1.png,Aminopterin-1
/content/images/train/Vitamin D. as Single preparation.png,Vitamin D. as Single preparation
/content/images/train/Benzocaine-4.png,Benzocaine-4
/content/images/train/Phenomorphan-4.png,Phenomorphan-4
/content/images/train/Glutethimide-5.png,Glutethimide-5
/content/images/train/Acetyl dihydrocodinon-4.png,Acetyl dihydrocodinon-4
/content/images/train/Cyclopenthiazide-2.png,Cyclopenthiazide-2
/content/images/train/N–ethyl–3 piparidyle Benzilet-3.png,N–ethyl–3 piparidyle Benzilet-3
/content/images/train/(d) Dichloro Isopreterenol-5.png,(d) Dichloro Isopreterenol-5
/content/images/train/Clonazepam.png,Clonazepam
/content/images/train/Echonite Alcolide-4.png,Echonite Alcolide-4
/content/images/train/Acetyl dihydrocodeine.png,Acetyl dihydrocodeine
/content/images/train/Phentolamine-2.png,Phentolamine-2
/content/images/train/Acetazolamide-5.png,Acetazolamide-5
/content/images/train/Levo phenacylemorphan-4.png,Levo phenacylemorphan-4
/content/images/train/Chloramphenicol-1.png,Chloramphenicol-1
/content/images/train/Hermons :–.png,Hermons :–
/content/images/train/Diphenyl Pyraline Hydrochloride-2.png,Diphenyl Pyraline Hydrochloride-2
/content/images/train/Carbomycin-1.png,Carbomycin-1
/content/images/train/Clobazam-4.png,Clobazam-4
/content/images/train/Evogen-5.png,Evogen-5
/content/images/train/Bitaprodine-4.png,Bitaprodine-4
/content/images/train/Nitrazepam.png,Nitrazepam
/content/images/train/Pomegrenet Alcolides-3.png,Pomegrenet Alcolides-3
/content/images/train/Flurazepam-3.png,Flurazepam-3
/content/images/train/(e) cloxacillin-1.png,(e) cloxacillin-1
/content/images/train/Hydrochlorothiazide-1.png,Hydrochlorothiazide-1
/content/images/train/Lycergic Acid Diethylamide-4.png,Lycergic Acid Diethylamide-4
/content/images/train/Oxazepam-3.png,Oxazepam-3
/content/images/train/Pempidine.png,Pempidine
/content/images/train/Phethidene-4.png,Phethidene-4
/content/images/train/Pempidine-2.png,Pempidine-2
/content/images/train/Echonite Alcolide-5.png,Echonite Alcolide-5
/content/images/train/Hexocyclian Methyl Sulphate-4.png,Hexocyclian Methyl Sulphate-4
/content/images/train/Alyl Isopropyle Acetyl Uuria-5.png,Alyl Isopropyle Acetyl Uuria-5
/content/images/train/Pentazocine-5.png,Pentazocine-5
/content/images/train/Nicocodeine-3.png,Nicocodeine-3
/content/images/train/Alyl Isopropyle Acetyl Uuria-2.png,Alyl Isopropyle Acetyl Uuria-2
/content/images/train/Pethidine-1.png,Pethidine-1
/content/images/train/Monomustin Hydrochloride-4.png,Monomustin Hydrochloride-4
/content/images/train/Benzyl morphine-4.png,Benzyl morphine-4
/content/images/train/Metazosin-5.png,Metazosin-5
/content/images/train/Antitoxin-2.png,Antitoxin-2
/content/images/train/Phenylzine-3.png,Phenylzine-3
/content/images/train/Chlorothiazide.png,Chlorothiazide
/content/images/train/Ethylmorphine-2.png,Ethylmorphine-2
/content/images/train/Hydrochlorothiazide-4.png,Hydrochlorothiazide-4
/content/images/train/(d) Phenoxymethylpenicilin-2.png,(d) Phenoxymethylpenicilin-2
/content/images/train/Disulphiram-5.png,Disulphiram-5
/content/images/train/(b) Chlortetracycline-4.png,(b) Chlortetracycline-4
/content/images/train/Methyl desarphine-1.png,Methyl desarphine-1
/content/images/train/Piritramide-1.png,Piritramide-1
/content/images/train/Epiyol-1.png,Epiyol-1
/content/images/train/Neo mycin-5.png,Neo mycin-5
/content/images/train/Cartisone-2.png,Cartisone-2
/content/images/train/Pentobarbital-1.png,Pentobarbital-1
/content/images/train/Chloramphenicol-2.png,Chloramphenicol-2
/content/images/train/Haloperidol-3.png,Haloperidol-3
/content/images/train/Dipipanone-5.png,Dipipanone-5
/content/images/train/Sulfasomizole.png,Sulfasomizole
/content/images/train/Lycergic Acid-5.png,Lycergic Acid-5
/content/images/train/Dextran 70-5.png,Dextran 70-5
/content/images/train/Bitameprodine-1.png,Bitameprodine-1
/content/images/train/Phentolamine.png,Phentolamine
/content/images/train/Aceterphin hydrochloride.png,Aceterphin hydrochloride
/content/images/train/Phytomenadione-1.png,Phytomenadione-1
/content/images/train/Phenmetrazine-4.png,Phenmetrazine-4
/content/images/train/Dexamethasone.png,Dexamethasone
/content/images/train/Bufetenin-2.png,Bufetenin-2
/content/images/train/Phenylzine-5.png,Phenylzine-5
/content/images/train/(a) Benzyl Penicillin-5.png,(a) Benzyl Penicillin-5
/content/images/train/Morphine–N–oxide-3.png,Morphine–N–oxide-3
/content/images/train/Codeine Methyl Bromide-1.png,Codeine Methyl Bromide-1
/content/images/train/Nico morphine-3.png,Nico morphine-3
/content/images/train/Anti Rabies Serum-5.png,Anti Rabies Serum-5
/content/images/train/Gyalavine-4.png,Gyalavine-4
/content/images/train/Codeine-2.png,Codeine-2
/content/images/train/Lobelia Alcolide.png,Lobelia Alcolide
/content/images/train/Edrenocarticotropic Hermons-2.png,Edrenocarticotropic Hermons-2
/content/images/train/Cyprine phine-3.png,Cyprine phine-3
/content/images/train/Methosoximide-4.png,Methosoximide-4
/content/images/train/Opium-5.png,Opium-5
/content/images/train/Dihydro hydroxy Codeinone-2.png,Dihydro hydroxy Codeinone-2
/content/images/train/Rifampin.png,Rifampin
/content/images/train/Dimenoxadole.png,Dimenoxadole
/content/images/train/Diazepam-2.png,Diazepam-2
/content/images/train/Lycergic Acid Amide.png,Lycergic Acid Amide
/content/images/train/Phenampromide-1.png,Phenampromide-1
/content/images/train/Pitutory Extract-1.png,Pitutory Extract-1
/content/images/train/Amipramine-2.png,Amipramine-2
/content/images/train/Hexocyclian Methyl Sulphate.png,Hexocyclian Methyl Sulphate
/content/images/train/Nicocodeine-2.png,Nicocodeine-2
/content/images/train/Procaine-5.png,Procaine-5
/content/images/train/Probenicid-1.png,Probenicid-1
/content/images/train/Phenampromide-2.png,Phenampromide-2
/content/images/train/Paramomycin-4.png,Paramomycin-4
/content/images/train/Iletarium-5.png,Iletarium-5
/content/images/train/Cilocine-1.png,Cilocine-1
/content/images/train/Dihydro Codeinone-3.png,Dihydro Codeinone-3
/content/images/train/Meprovamet-4.png,Meprovamet-4
/content/images/train/Endomethacin-4.png,Endomethacin-4
/content/images/train/Di–isopropyle Flurophosponate-1.png,Di–isopropyle Flurophosponate-1
/content/images/train/Isosorbide Dinitrate or sorbide Nitrate-3.png,Isosorbide Dinitrate or sorbide Nitrate-3
/content/images/train/Clonazepam-2.png,Clonazepam-2
/content/images/train/Mescyalin-4.png,Mescyalin-4
/content/images/train/Hydrolazine Injection.png,Hydrolazine Injection
/content/images/train/Gentamycin-2.png,Gentamycin-2
/content/images/train/Paramomycin.png,Paramomycin
/content/images/train/Paraleadoxin-3.png,Paraleadoxin-3
/content/images/train/Opium-3.png,Opium-3
/content/images/train/Hexocyclian Methyl Sulphate-3.png,Hexocyclian Methyl Sulphate-3
/content/images/train/Disulphiram-1.png,Disulphiram-1
/content/images/train/Etoceridine-2.png,Etoceridine-2
/content/images/train/(f) Ampicillin-3.png,(f) Ampicillin-3
/content/images/train/Navobiocin-3.png,Navobiocin-3
/content/images/train/Frusemide-1.png,Frusemide-1
/content/images/train/Cocaine-5.png,Cocaine-5
/content/images/train/Dimethyl Thyambutine-3.png,Dimethyl Thyambutine-3
/content/images/train/Iopanoic Acid-1.png,Iopanoic Acid-1
/content/images/train/Bancomycin.png,Bancomycin
/content/images/train/Acetazolamide-1.png,Acetazolamide-1
/content/images/train/Ethyl morphine-5.png,Ethyl morphine-5
/content/images/train/Etomorphine-5.png,Etomorphine-5
/content/images/train/Dymethyl triptamin-3.png,Dymethyl triptamin-3
/content/images/train/Iserine-1.png,Iserine-1
/content/images/train/Phenadoxon-3.png,Phenadoxon-3
/content/images/train/Navobiocin-1.png,Navobiocin-1
/content/images/train/Captodine-1.png,Captodine-1
/content/images/train/Ether-3.png,Ether-3
/content/images/train/Phenadoxon-1.png,Phenadoxon-1
/content/images/train/Narmorphine-5.png,Narmorphine-5
/content/images/train/Hydroxy pethidine.png,Hydroxy pethidine
/content/images/train/Hydroxy pethidine-2.png,Hydroxy pethidine-2
/content/images/train/Ethinamet.png,Ethinamet
/content/images/train/Dextro Moramide-2.png,Dextro Moramide-2
/content/images/train/Chloromethene Hydrochloride-2.png,Chloromethene Hydrochloride-2
/content/images/train/Ergot Alcolide and Its Derivatives-3.png,Ergot Alcolide and Its Derivatives-3
/content/images/train/Antivenom-4.png,Antivenom-4
/content/images/train/Amayl Nitrite-3.png,Amayl Nitrite-3
/content/images/train/Codeine-4.png,Codeine-4
/content/images/train/Dextran 40-4.png,Dextran 40-4
/content/images/train/Phenyl Acetyl Urea-4.png,Phenyl Acetyl Urea-4
/content/images/train/Meprovamet-5.png,Meprovamet-5
/content/images/train/(a) Propanolol-3.png,(a) Propanolol-3
/content/images/train/Alpha methadol.png,Alpha methadol
/content/images/train/Acepromazin Maliate-3.png,Acepromazin Maliate-3
/content/images/train/Methohexital-2.png,Methohexital-2
/content/images/train/Benzithidine.png,Benzithidine
/content/images/train/Azathioprine-5.png,Azathioprine-5
/content/images/train/Gelsimium Alcalide.png,Gelsimium Alcalide
/content/images/train/Phentanyle-4.png,Phentanyle-4
/content/images/train/Phenazocine-5.png,Phenazocine-5
/content/images/train/Benoctizine-3.png,Benoctizine-3
/content/images/train/Bufetenin-4.png,Bufetenin-4
/content/images/train/Alyl Isopropyle Acetyl Uuria-3.png,Alyl Isopropyle Acetyl Uuria-3
/content/images/train/Probenicid-5.png,Probenicid-5
/content/images/train/Carbacoal-3.png,Carbacoal-3
/content/images/train/Methohexital-5.png,Methohexital-5
/content/images/train/Levodopa-5.png,Levodopa-5
/content/images/train/Phentolamine-4.png,Phentolamine-4
/content/images/train/Iso prenaline.png,Iso prenaline
/content/images/train/Apomorphine-3.png,Apomorphine-3
/content/images/train/Ethylmorphine-4.png,Ethylmorphine-4
/content/images/train/Pecazine-2.png,Pecazine-2
/content/images/train/(c) Sotalol-2.png,(c) Sotalol-2
/content/images/train/Mercury and It’s compound-1.png,Mercury and It’s compound-1
/content/images/train/Raolphia Alcolides.png,Raolphia Alcolides
/content/images/train/Dimercoprol-3.png,Dimercoprol-3
/content/images/train/Hydrochlorothiazide-2.png,Hydrochlorothiazide-2
/content/images/train/Antimani Potasium Tartrate-5.png,Antimani Potasium Tartrate-5
/content/images/train/Benzitramide-5.png,Benzitramide-5
/content/images/train/Dihydroxy Dyhydro morphine hydrochloride-3.png,Dihydroxy Dyhydro morphine hydrochloride-3
/content/images/train/Haloperidol-5.png,Haloperidol-5
/content/images/train/Hydrocartisone-3.png,Hydrocartisone-3
/content/images/train/Benzyl morphine.png,Benzyl morphine
/content/images/train/Methamphetamin-4.png,Methamphetamin-4
/content/images/train/Oxymorphone-2.png,Oxymorphone-2
/content/images/train/Wacitracin.png,Wacitracin
/content/images/train/Cyclopenthiazide.png,Cyclopenthiazide
/content/images/train/Dextro Moramide-3.png,Dextro Moramide-3
/content/images/train/Codoxim.png,Codoxim
/content/images/train/Myrophine-5.png,Myrophine-5
/content/images/train/Phennformin-1.png,Phennformin-1
/content/images/train/Bitaprodine-5.png,Bitaprodine-5
/content/images/train/6 – Mercaptopurine-3.png,6 – Mercaptopurine-3
/content/images/train/Alpha meprodine.png,Alpha meprodine
/content/images/train/Pentazocine-3.png,Pentazocine-3
/content/images/train/Gyalavine-5.png,Gyalavine-5
/content/images/train/Petrichloral-2.png,Petrichloral-2
/content/images/train/Phenazocine-1.png,Phenazocine-1
/content/images/train/Acetyl dihydrocodeine-4.png,Acetyl dihydrocodeine-4
/content/images/train/Dimethyl Thyambutine-5.png,Dimethyl Thyambutine-5
/content/images/train/Cyprine phine-1.png,Cyprine phine-1
/content/images/train/Cloral Hydrate-4.png,Cloral Hydrate-4
/content/images/train/Flurazepam.png,Flurazepam
/content/images/train/Phurethidine-5.png,Phurethidine-5
/content/images/train/Dimephoptanole-1.png,Dimephoptanole-1
/content/images/train/Benzyl morphine-2.png,Benzyl morphine-2
/content/images/train/Busulphan-2.png,Busulphan-2
/content/images/train/Sulphone diethyl Methene.png,Sulphone diethyl Methene
/content/images/train/Neo mycin-3.png,Neo mycin-3
/content/images/train/Flurazepam-4.png,Flurazepam-4
/content/images/train/Dapsone-5.png,Dapsone-5
/content/images/train/Dextran 70.png,Dextran 70
/content/images/train/Hiparin-2.png,Hiparin-2
/content/images/train/Dimenoxadole-5.png,Dimenoxadole-5
/content/images/train/Codeine–N–oxide-1.png,Codeine–N–oxide-1
/content/images/train/(e) cloxacillin-4.png,(e) cloxacillin-4
/content/images/train/Phitobemidone-2.png,Phitobemidone-2
/content/images/train/Moramide-4.png,Moramide-4
/content/images/train/Iso prenaline-3.png,Iso prenaline-3
/content/images/train/Beladona & it’s Alcolide-5.png,Beladona & it’s Alcolide-5
/content/images/train/Methyldopa-1.png,Methyldopa-1
/content/images/train/Navobiocin-2.png,Navobiocin-2
/content/images/train/Narpipanone-2.png,Narpipanone-2
/content/images/train/Dextroraphan-3.png,Dextroraphan-3
/content/images/train/Gentamycin-1.png,Gentamycin-1
/content/images/train/Amayl Nitrite-5.png,Amayl Nitrite-5
/content/images/train/Bitaprodine-2.png,Bitaprodine-2
/content/images/train/Dihydro morphine-2.png,Dihydro morphine-2
/content/images/train/Dextropropoxyphene-1.png,Dextropropoxyphene-1
/content/images/train/Phenyl Butazone-5.png,Phenyl Butazone-5
/content/images/train/Protamine Sulphate.png,Protamine Sulphate
/content/images/train/Proheptazin.png,Proheptazin
/content/images/train/Paraminosolisilic Acid-1.png,Paraminosolisilic Acid-1
/content/images/train/Aceterphin hydrochloride-5.png,Aceterphin hydrochloride-5
/content/images/train/(c) Sotalol.png,(c) Sotalol
/content/images/train/Beladona & it’s Alcolide-3.png,Beladona & it’s Alcolide-3
/content/images/train/M–Methyl–3 pipradyle Bengilet-4.png,M–Methyl–3 pipradyle Bengilet-4
/content/images/train/Medazepam.png,Medazepam
/content/images/train/Norethisterone.png,Norethisterone
/content/images/train/Phensoximide.png,Phensoximide
/content/images/train/Iserine-5.png,Iserine-5
/content/images/train/Alpha acetyl methadol-4.png,Alpha acetyl methadol-4
/content/images/train/Paramethadione.png,Paramethadione
/content/images/train/Buprenorphine.png,Buprenorphine
/content/images/train/Dimercoprol-4.png,Dimercoprol-4
/content/images/train/Bita acetyl methadol-1.png,Bita acetyl methadol-1
/content/images/train/Benzocaine-3.png,Benzocaine-3
/content/images/train/Paraleadoxin-1.png,Paraleadoxin-1
/content/images/train/Flurazepam-1.png,Flurazepam-1
/content/images/train/Alpha prodine-2.png,Alpha prodine-2
/content/images/train/Ethyl morphine-3.png,Ethyl morphine-3
/content/images/train/Antivenom-3.png,Antivenom-3
/content/images/train/(d) Phenoxymethylpenicilin-3.png,(d) Phenoxymethylpenicilin-3
/content/images/train/Phenyl Cinchoninic Acid-3.png,Phenyl Cinchoninic Acid-3
/content/images/train/Naracymethadol-5.png,Naracymethadol-5
/content/images/train/Etorphine-1.png,Etorphine-1
/content/images/train/Gelsimium Alcalide-2.png,Gelsimium Alcalide-2
/content/images/train/Pholcodine-2.png,Pholcodine-2
/content/images/train/Active Ingredients of Marijuana.png,Active Ingredients of Marijuana
/content/images/train/Benzoistrol-2.png,Benzoistrol-2
/content/images/train/Amobarbital-1.png,Amobarbital-1
/content/images/train/Levomoramide.png,Levomoramide
/content/images/train/Probenicid-3.png,Probenicid-3
/content/images/train/Cloral Butane-5.png,Cloral Butane-5
/content/images/train/Lycergic Acid Amide-4.png,Lycergic Acid Amide-4
/content/images/train/Dihydroxy Dyhydro morphine hydrochloride-2.png,Dihydroxy Dyhydro morphine hydrochloride-2
/content/images/train/(e) cloxacillin.png,(e) cloxacillin
/content/images/train/Nitrous Oxide-5.png,Nitrous Oxide-5
/content/images/train/Bitameprodine-3.png,Bitameprodine-3
/content/images/train/(g) Amoxycilin-1.png,(g) Amoxycilin-1
/content/images/train/Mercury and It’s compound-2.png,Mercury and It’s compound-2
/content/images/train/Cloral Butane-4.png,Cloral Butane-4
/content/images/train/Oxymorphone-5.png,Oxymorphone-5
/content/images/train/Meprovamet-2.png,Meprovamet-2
/content/images/train/Dhatura-5.png,Dhatura-5
/content/images/train/Edrenocarticotropic Hermons.png,Edrenocarticotropic Hermons
/content/images/train/Metamezole.png,Metamezole
/content/images/train/Chloromethene Hydrochloride-5.png,Chloromethene Hydrochloride-5
/content/images/train/Cloral Butane-3.png,Cloral Butane-3
/content/images/train/(b) Isopreterenol.png,(b) Isopreterenol
/content/images/train/Ethyl morphine-2.png,Ethyl morphine-2
/content/images/train/Nitrazepam-1.png,Nitrazepam-1
/content/images/train/Azapentine-3.png,Azapentine-3
/content/images/train/Clobazam-5.png,Clobazam-5
/content/images/train/Pilocarpine-2.png,Pilocarpine-2
/content/images/train/Insulin-5.png,Insulin-5
/content/images/train/Nullophine-2.png,Nullophine-2
/content/images/train/Pomegrenet Alcolides-2.png,Pomegrenet Alcolides-2
/content/images/train/Lycergic Acid Diethylamide-5.png,Lycergic Acid Diethylamide-5
/content/images/train/Ethchlor Vinyl-1.png,Ethchlor Vinyl-1
/content/images/train/Peyot-4.png,Peyot-4
/content/images/train/Azapentine-4.png,Azapentine-4
/content/images/train/Moramide-5.png,Moramide-5
/content/images/train/Cyclopenthiazide-5.png,Cyclopenthiazide-5
/content/images/train/Morphine Methyl Salphonet-4.png,Morphine Methyl Salphonet-4
/content/images/train/Verapamil Injection.png,Verapamil Injection
/content/images/train/Phethidene-3.png,Phethidene-3
/content/images/train/Hydentwine-4.png,Hydentwine-4
/content/images/train/Gelsimium Alcalide-5.png,Gelsimium Alcalide-5
/content/images/train/Ergot Alcolide and Its Derivatives-2.png,Ergot Alcolide and Its Derivatives-2
/content/images/train/Busulphan.png,Busulphan
/content/images/train/Phenylzine-1.png,Phenylzine-1
/content/images/train/Gentamycin-4.png,Gentamycin-4
/content/images/train/Ethambutol-2.png,Ethambutol-2
/content/images/train/Bitameprodine-4.png,Bitameprodine-4
/content/images/train/Hydroxizine.png,Hydroxizine
/content/images/train/Bitamethadole-4.png,Bitamethadole-4
/content/images/train/Iserine.png,Iserine
/content/images/train/Morphine Methyl Bromide-1.png,Morphine Methyl Bromide-1
/content/images/train/Piminodine-3.png,Piminodine-3
/content/images/train/Phentermine-2.png,Phentermine-2
/content/images/train/Diethyl thyambutine-5.png,Diethyl thyambutine-5
/content/images/train/Erythromycin.png,Erythromycin
/content/images/train/Moramide-3.png,Moramide-3
/content/images/train/Phenyl Acetyl Urea-1.png,Phenyl Acetyl Urea-1
/content/images/train/(e) cloxacillin-3.png,(e) cloxacillin-3
/content/images/train/Mustin Hydrochloride-4.png,Mustin Hydrochloride-4
/content/images/train/Phenomorphan-2.png,Phenomorphan-2
/content/images/train/Bitablockers.png,Bitablockers
/content/images/train/Active Ingredients of Marijuana-2.png,Active Ingredients of Marijuana-2
/content/images/train/Liverternal-2.png,Liverternal-2
/content/images/train/Amipramine-4.png,Amipramine-4
/content/images/train/Ethinamet-5.png,Ethinamet-5
/content/images/train/Tribromethanol.png,Tribromethanol
/content/images/train/Petrichloral-1.png,Petrichloral-1
/content/images/train/Pitutory Extract-3.png,Pitutory Extract-3
/content/images/train/Sulfamethoxine.png,Sulfamethoxine
/content/images/train/Arsenic and It’s compound-1.png,Arsenic and It’s compound-1
/content/images/train/Chloropropamide-2.png,Chloropropamide-2
/content/images/train/Methyl Pheno Barbital-4.png,Methyl Pheno Barbital-4
/content/images/train/Naracymethadol.png,Naracymethadol
/content/images/train/Narmorphine-2.png,Narmorphine-2
/content/images/train/Diazepam-1.png,Diazepam-1
/content/images/train/Ethambutol-1.png,Ethambutol-1
/content/images/train/Noxmomica and Its Alcolides-3.png,Noxmomica and Its Alcolides-3
/content/images/train/Recimeatharphan.png,Recimeatharphan
/content/images/train/Phensoximide-3.png,Phensoximide-3
/content/images/train/Betamethasone-2.png,Betamethasone-2
/content/images/train/Opium-4.png,Opium-4
/content/images/train/Methyl Chlorothiazide-3.png,Methyl Chlorothiazide-3
/content/images/train/Paramomycin-3.png,Paramomycin-3
/content/images/train/Bitamethadole-3.png,Bitamethadole-3
/content/images/train/Phenampromide-4.png,Phenampromide-4
/content/images/train/Gramicidine-5.png,Gramicidine-5
/content/images/train/Gelsimium Alcalide-1.png,Gelsimium Alcalide-1
/content/images/train/Bufetenin-1.png,Bufetenin-1
/content/images/train/Hydrocartisone-5.png,Hydrocartisone-5
/content/images/train/Ether-5.png,Ether-5
/content/images/train/Ethinylestradiol-2.png,Ethinylestradiol-2
/content/images/train/Cloral Hydrate.png,Cloral Hydrate
/content/images/train/Diamprenmide.png,Diamprenmide
/content/images/train/Ethinamet-1.png,Ethinamet-1
/content/images/train/Nullophine-1.png,Nullophine-1
/content/images/train/Epiyol-3.png,Epiyol-3
/content/images/train/Haloperidol-4.png,Haloperidol-4
/content/images/train/Etorphine-5.png,Etorphine-5
/content/images/train/(g) Amoxycilin-2.png,(g) Amoxycilin-2
/content/images/train/Narpipanone-1.png,Narpipanone-1
/content/images/train/(c) Procane Benzyl Penicillin.png,(c) Procane Benzyl Penicillin
/content/images/train/Polythiazide-4.png,Polythiazide-4
/content/images/train/Alpha methadol-4.png,Alpha methadol-4
/content/images/train/Azamaline and Its compounds-3.png,Azamaline and Its compounds-3
/content/images/train/Moramide.png,Moramide
/content/images/train/Anileridine-2.png,Anileridine-2
/content/images/train/Chlophazimine-5.png,Chlophazimine-5
/content/images/train/Phenobarbital-1.png,Phenobarbital-1
/content/images/train/Active Ingredients of Marijuana-4.png,Active Ingredients of Marijuana-4
/content/images/train/Phentanyle-3.png,Phentanyle-3
/content/images/train/Hydroxizine-5.png,Hydroxizine-5
/content/images/train/Di–isopropyle Flurophosponate-5.png,Di–isopropyle Flurophosponate-5
/content/images/train/(c) Procane Benzyl Penicillin-5.png,(c) Procane Benzyl Penicillin-5
/content/images/train/Methosoximide-2.png,Methosoximide-2
/content/images/train/Propoxyphine.png,Propoxyphine
/content/images/train/Lead and it’s compound-3.png,Lead and it’s compound-3
/content/images/train/Amphetamin-5.png,Amphetamin-5
/content/images/train/Acetyl dihydrocodeine-1.png,Acetyl dihydrocodeine-1
/content/images/train/Levo metharphan-3.png,Levo metharphan-3
/content/images/train/Biperidine-1.png,Biperidine-1
/content/images/train/Methyl Pheno Barbital.png,Methyl Pheno Barbital
/content/images/train/Allopurinol-3.png,Allopurinol-3
/content/images/train/Pecazine-3.png,Pecazine-3
/content/images/train/Metazosin-2.png,Metazosin-2
/content/images/train/Diazepam-3.png,Diazepam-3
/content/images/train/Cilocybin-4.png,Cilocybin-4
/content/images/train/Primaquine.png,Primaquine
/content/images/train/Gramicidine-1.png,Gramicidine-1
/content/images/train/Cocaine-3.png,Cocaine-3
/content/images/train/Pecazine.png,Pecazine
/content/images/train/(b) Benzathine Benzyl Penicillin-3.png,(b) Benzathine Benzyl Penicillin-3
/content/images/train/Betamethasone-1.png,Betamethasone-1
/content/images/train/Codeine Methyl Bromide-4.png,Codeine Methyl Bromide-4
/content/images/train/Pheno Barbital-4.png,Pheno Barbital-4
/content/images/train/Metamezole-4.png,Metamezole-4
/content/images/train/Gramicidine-4.png,Gramicidine-4
/content/images/train/Pholcodine-5.png,Pholcodine-5
/content/images/train/Alpha meprodine-5.png,Alpha meprodine-5
/content/images/train/(c) Sotalol-4.png,(c) Sotalol-4
/content/images/train/Narliverphenol-2.png,Narliverphenol-2
/content/images/train/Frusemide-5.png,Frusemide-5
/content/images/train/Narcodeine-5.png,Narcodeine-5
/content/images/train/Aceterphin hydrochloride-2.png,Aceterphin hydrochloride-2
/content/images/train/Methotrexate-1.png,Methotrexate-1
/content/images/train/Mannitol Hexamitrate-1.png,Mannitol Hexamitrate-1
/content/images/train/Morphine Methyl Bromide-4.png,Morphine Methyl Bromide-4
/content/images/train/Bufetenin-3.png,Bufetenin-3
/content/images/train/Bitablockers-1.png,Bitablockers-1
/content/images/train/Promethazine Hydrochloride.png,Promethazine Hydrochloride
/content/images/train/Barbiqueric Acid & Itis Derivatives-1.png,Barbiqueric Acid & Itis Derivatives-1
/content/images/train/Ethchlor Vinyl-5.png,Ethchlor Vinyl-5
/content/images/train/Echonite Alcolide-2.png,Echonite Alcolide-2
/content/images/train/Amitriptyline-3.png,Amitriptyline-3
/content/images/train/M–Methyl–3 pipradyle Bengilet-3.png,M–Methyl–3 pipradyle Bengilet-3
/content/images/train/Arsenic and It’s compound-2.png,Arsenic and It’s compound-2
/content/images/train/Nitrofurantoin-4.png,Nitrofurantoin-4
/content/images/train/Isoniazid-4.png,Isoniazid-4
/content/images/train/Acetyl methadol-3.png,Acetyl methadol-3
/content/images/train/Dihydro morphine.png,Dihydro morphine
/content/images/train/Nitrous Oxide-3.png,Nitrous Oxide-3
/content/images/train/Halothane-2.png,Halothane-2
/content/images/train/Oxazolidine-3.png,Oxazolidine-3
